Watching for file changes with StatReloader
Watching for file changes with StatReloader
Watching for file changes with StatReloader
Watching for file changes with StatReloader
"GET / HTTP/1.1" 302 0
"GET / HTTP/1.1" 302 0
Not Found: /accounts/login/
Not Found: /accounts/login/
"GET /accounts/login/?next=/ HTTP/1.1" 404 5506
"GET /accounts/login/?next=/ HTTP/1.1" 404 5506
Not Found: /favicon.ico
Not Found: /favicon.ico
"GET /favicon.ico HTTP/1.1" 404 5487
"GET /favicon.ico HTTP/1.1" 404 5487
Watching for file changes with StatReloader
Watching for file changes with StatReloader
Watching for file changes with StatReloader
Watching for file changes with StatReloader
"GET / HTTP/1.1" 302 0
"GET / HTTP/1.1" 302 0
Not Found: /accounts/login/
Not Found: /accounts/login/
"GET /accounts/login/?next=/ HTTP/1.1" 404 5506
"GET /accounts/login/?next=/ HTTP/1.1" 404 5506
Not Found: /accounts/login/
Not Found: /accounts/login/
"GET /accounts/login/?next=/ HTTP/1.1" 404 5506
"GET /accounts/login/?next=/ HTTP/1.1" 404 5506
"GET //login HTTP/1.1" 301 0
"GET //login HTTP/1.1" 301 0
"GET /login/ HTTP/1.1" 200 6505
"GET /login/ HTTP/1.1" 200 6505
"POST /login/ HTTP/1.1" 302 0
"POST /login/ HTTP/1.1" 302 0
Internal Server Error: /
Traceback (most recent call last):
  File "E:\TEA_Center\venv\lib\site-packages\django\urls\base.py", line 71, in reverse
    extra, resolver = resolver.namespace_dict[ns]
KeyError: 'terapias'

During handling of the above exception, another exception occurred:

Traceback (most recent call last):
  File "E:\TEA_Center\venv\lib\site-packages\django\core\handlers\exception.py", line 55, in inner
    response = get_response(request)
  File "E:\TEA_Center\venv\lib\site-packages\django\core\handlers\base.py", line 197, in _get_response
    response = wrapped_callback(request, *callback_args, **callback_kwargs)
  File "E:\TEA_Center\venv\lib\site-packages\django\contrib\auth\decorators.py", line 23, in _wrapper_view
    return view_func(request, *args, **kwargs)
  File "E:\TEA_Center\venv\tea_management\apps\usuarios\views.py", line 89, in dashboard
    return render(request, 'auth/dashboard.html', context)
  File "E:\TEA_Center\venv\lib\site-packages\django\shortcuts.py", line 24, in render
    content = loader.render_to_string(template_name, context, request, using=using)
  File "E:\TEA_Center\venv\lib\site-packages\django\template\loader.py", line 62, in render_to_string
    return template.render(context, request)
  File "E:\TEA_Center\venv\lib\site-packages\django\template\backends\django.py", line 61, in render
    return self.template.render(context)
  File "E:\TEA_Center\venv\lib\site-packages\django\template\base.py", line 171, in render
    return self._render(context)
  File "E:\TEA_Center\venv\lib\site-packages\django\template\base.py", line 163, in _render
    return self.nodelist.render(context)
  File "E:\TEA_Center\venv\lib\site-packages\django\template\base.py", line 1000, in render
    return SafeString("".join([node.render_annotated(context) for node in self]))
  File "E:\TEA_Center\venv\lib\site-packages\django\template\base.py", line 1000, in <listcomp>
    return SafeString("".join([node.render_annotated(context) for node in self]))
  File "E:\TEA_Center\venv\lib\site-packages\django\template\base.py", line 961, in render_annotated
    return self.render(context)
  File "E:\TEA_Center\venv\lib\site-packages\django\template\loader_tags.py", line 159, in render
    return compiled_parent._render(context)
  File "E:\TEA_Center\venv\lib\site-packages\django\template\base.py", line 163, in _render
    return self.nodelist.render(context)
  File "E:\TEA_Center\venv\lib\site-packages\django\template\base.py", line 1000, in render
    return SafeString("".join([node.render_annotated(context) for node in self]))
  File "E:\TEA_Center\venv\lib\site-packages\django\template\base.py", line 1000, in <listcomp>
    return SafeString("".join([node.render_annotated(context) for node in self]))
  File "E:\TEA_Center\venv\lib\site-packages\django\template\base.py", line 961, in render_annotated
    return self.render(context)
  File "E:\TEA_Center\venv\lib\site-packages\django\template\defaulttags.py", line 325, in render
    return nodelist.render(context)
  File "E:\TEA_Center\venv\lib\site-packages\django\template\base.py", line 1000, in render
    return SafeString("".join([node.render_annotated(context) for node in self]))
  File "E:\TEA_Center\venv\lib\site-packages\django\template\base.py", line 1000, in <listcomp>
    return SafeString("".join([node.render_annotated(context) for node in self]))
  File "E:\TEA_Center\venv\lib\site-packages\django\template\base.py", line 961, in render_annotated
    return self.render(context)
  File "E:\TEA_Center\venv\lib\site-packages\django\template\defaulttags.py", line 478, in render
    url = reverse(view_name, args=args, kwargs=kwargs, current_app=current_app)
  File "E:\TEA_Center\venv\lib\site-packages\django\urls\base.py", line 82, in reverse
    raise NoReverseMatch("%s is not a registered namespace" % key)
django.urls.exceptions.NoReverseMatch: 'terapias' is not a registered namespace
Internal Server Error: /
Traceback (most recent call last):
  File "E:\TEA_Center\venv\lib\site-packages\django\urls\base.py", line 71, in reverse
    extra, resolver = resolver.namespace_dict[ns]
KeyError: 'terapias'

During handling of the above exception, another exception occurred:

Traceback (most recent call last):
  File "E:\TEA_Center\venv\lib\site-packages\django\core\handlers\exception.py", line 55, in inner
    response = get_response(request)
  File "E:\TEA_Center\venv\lib\site-packages\django\core\handlers\base.py", line 197, in _get_response
    response = wrapped_callback(request, *callback_args, **callback_kwargs)
  File "E:\TEA_Center\venv\lib\site-packages\django\contrib\auth\decorators.py", line 23, in _wrapper_view
    return view_func(request, *args, **kwargs)
  File "E:\TEA_Center\venv\tea_management\apps\usuarios\views.py", line 89, in dashboard
    return render(request, 'auth/dashboard.html', context)
  File "E:\TEA_Center\venv\lib\site-packages\django\shortcuts.py", line 24, in render
    content = loader.render_to_string(template_name, context, request, using=using)
  File "E:\TEA_Center\venv\lib\site-packages\django\template\loader.py", line 62, in render_to_string
    return template.render(context, request)
  File "E:\TEA_Center\venv\lib\site-packages\django\template\backends\django.py", line 61, in render
    return self.template.render(context)
  File "E:\TEA_Center\venv\lib\site-packages\django\template\base.py", line 171, in render
    return self._render(context)
  File "E:\TEA_Center\venv\lib\site-packages\django\template\base.py", line 163, in _render
    return self.nodelist.render(context)
  File "E:\TEA_Center\venv\lib\site-packages\django\template\base.py", line 1000, in render
    return SafeString("".join([node.render_annotated(context) for node in self]))
  File "E:\TEA_Center\venv\lib\site-packages\django\template\base.py", line 1000, in <listcomp>
    return SafeString("".join([node.render_annotated(context) for node in self]))
  File "E:\TEA_Center\venv\lib\site-packages\django\template\base.py", line 961, in render_annotated
    return self.render(context)
  File "E:\TEA_Center\venv\lib\site-packages\django\template\loader_tags.py", line 159, in render
    return compiled_parent._render(context)
  File "E:\TEA_Center\venv\lib\site-packages\django\template\base.py", line 163, in _render
    return self.nodelist.render(context)
  File "E:\TEA_Center\venv\lib\site-packages\django\template\base.py", line 1000, in render
    return SafeString("".join([node.render_annotated(context) for node in self]))
  File "E:\TEA_Center\venv\lib\site-packages\django\template\base.py", line 1000, in <listcomp>
    return SafeString("".join([node.render_annotated(context) for node in self]))
  File "E:\TEA_Center\venv\lib\site-packages\django\template\base.py", line 961, in render_annotated
    return self.render(context)
  File "E:\TEA_Center\venv\lib\site-packages\django\template\defaulttags.py", line 325, in render
    return nodelist.render(context)
  File "E:\TEA_Center\venv\lib\site-packages\django\template\base.py", line 1000, in render
    return SafeString("".join([node.render_annotated(context) for node in self]))
  File "E:\TEA_Center\venv\lib\site-packages\django\template\base.py", line 1000, in <listcomp>
    return SafeString("".join([node.render_annotated(context) for node in self]))
  File "E:\TEA_Center\venv\lib\site-packages\django\template\base.py", line 961, in render_annotated
    return self.render(context)
  File "E:\TEA_Center\venv\lib\site-packages\django\template\defaulttags.py", line 478, in render
    url = reverse(view_name, args=args, kwargs=kwargs, current_app=current_app)
  File "E:\TEA_Center\venv\lib\site-packages\django\urls\base.py", line 82, in reverse
    raise NoReverseMatch("%s is not a registered namespace" % key)
django.urls.exceptions.NoReverseMatch: 'terapias' is not a registered namespace
"GET / HTTP/1.1" 500 181585
"GET / HTTP/1.1" 500 181585
Forbidden (CSRF token from POST incorrect.): /login/
Forbidden (CSRF token from POST incorrect.): /login/
"POST /login/ HTTP/1.1" 403 2522
"POST /login/ HTTP/1.1" 403 2522
E:\TEA_Center\venv\tea_management\config\settings.py changed, reloading.
E:\TEA_Center\venv\tea_management\config\settings.py changed, reloading.
Watching for file changes with StatReloader
Watching for file changes with StatReloader
E:\TEA_Center\venv\tea_management\config\settings.py changed, reloading.
E:\TEA_Center\venv\tea_management\config\settings.py changed, reloading.
Watching for file changes with StatReloader
Watching for file changes with StatReloader
E:\TEA_Center\venv\tea_management\config\settings.py changed, reloading.
E:\TEA_Center\venv\tea_management\config\settings.py changed, reloading.
Watching for file changes with StatReloader
Watching for file changes with StatReloader
E:\TEA_Center\venv\tea_management\config\settings.py changed, reloading.
E:\TEA_Center\venv\tea_management\config\settings.py changed, reloading.
Watching for file changes with StatReloader
Watching for file changes with StatReloader
E:\TEA_Center\venv\tea_management\config\settings.py changed, reloading.
E:\TEA_Center\venv\tea_management\config\settings.py changed, reloading.
Watching for file changes with StatReloader
Watching for file changes with StatReloader
E:\TEA_Center\venv\tea_management\config\settings.py changed, reloading.
E:\TEA_Center\venv\tea_management\config\settings.py changed, reloading.
Watching for file changes with StatReloader
Watching for file changes with StatReloader
E:\TEA_Center\venv\tea_management\config\settings.py changed, reloading.
E:\TEA_Center\venv\tea_management\config\settings.py changed, reloading.
Watching for file changes with StatReloader
Watching for file changes with StatReloader
E:\TEA_Center\venv\tea_management\apps\terapias\urls.py changed, reloading.
E:\TEA_Center\venv\tea_management\apps\terapias\urls.py changed, reloading.
Watching for file changes with StatReloader
Watching for file changes with StatReloader
E:\TEA_Center\venv\tea_management\apps\consultorios\urls.py changed, reloading.
E:\TEA_Center\venv\tea_management\apps\consultorios\urls.py changed, reloading.
Watching for file changes with StatReloader
Watching for file changes with StatReloader
Watching for file changes with StatReloader
Watching for file changes with StatReloader
"GET /login/ HTTP/1.1" 302 0
"GET /login/ HTTP/1.1" 302 0
"GET / HTTP/1.1" 200 11777
"GET / HTTP/1.1" 200 11777
"GET /static/img/logo.png HTTP/1.1" 404 1896
"GET /static/img/logo.png HTTP/1.1" 404 1896
Internal Server Error: /procedimientos/pacientes/
Traceback (most recent call last):
  File "E:\TEA_Center\venv\lib\site-packages\django\core\handlers\exception.py", line 55, in inner
    response = get_response(request)
  File "E:\TEA_Center\venv\lib\site-packages\django\core\handlers\base.py", line 197, in _get_response
    response = wrapped_callback(request, *callback_args, **callback_kwargs)
  File "E:\TEA_Center\venv\lib\site-packages\django\contrib\auth\decorators.py", line 23, in _wrapper_view
    return view_func(request, *args, **kwargs)
  File "E:\TEA_Center\venv\tea_management\apps\procedimientos\views.py", line 48, in paciente_lista
    return render(request, 'procedimientos/paciente_lista.html', context)
  File "E:\TEA_Center\venv\lib\site-packages\django\shortcuts.py", line 24, in render
    content = loader.render_to_string(template_name, context, request, using=using)
  File "E:\TEA_Center\venv\lib\site-packages\django\template\loader.py", line 61, in render_to_string
    template = get_template(template_name, using=using)
  File "E:\TEA_Center\venv\lib\site-packages\django\template\loader.py", line 19, in get_template
    raise TemplateDoesNotExist(template_name, chain=chain)
django.template.exceptions.TemplateDoesNotExist: procedimientos/paciente_lista.html
Internal Server Error: /procedimientos/pacientes/
Traceback (most recent call last):
  File "E:\TEA_Center\venv\lib\site-packages\django\core\handlers\exception.py", line 55, in inner
    response = get_response(request)
  File "E:\TEA_Center\venv\lib\site-packages\django\core\handlers\base.py", line 197, in _get_response
    response = wrapped_callback(request, *callback_args, **callback_kwargs)
  File "E:\TEA_Center\venv\lib\site-packages\django\contrib\auth\decorators.py", line 23, in _wrapper_view
    return view_func(request, *args, **kwargs)
  File "E:\TEA_Center\venv\tea_management\apps\procedimientos\views.py", line 48, in paciente_lista
    return render(request, 'procedimientos/paciente_lista.html', context)
  File "E:\TEA_Center\venv\lib\site-packages\django\shortcuts.py", line 24, in render
    content = loader.render_to_string(template_name, context, request, using=using)
  File "E:\TEA_Center\venv\lib\site-packages\django\template\loader.py", line 61, in render_to_string
    template = get_template(template_name, using=using)
  File "E:\TEA_Center\venv\lib\site-packages\django\template\loader.py", line 19, in get_template
    raise TemplateDoesNotExist(template_name, chain=chain)
django.template.exceptions.TemplateDoesNotExist: procedimientos/paciente_lista.html
"GET /procedimientos/pacientes/ HTTP/1.1" 500 96212
"GET /procedimientos/pacientes/ HTTP/1.1" 500 96212
Internal Server Error: /procedimientos/
Traceback (most recent call last):
  File "E:\TEA_Center\venv\lib\site-packages\django\core\handlers\exception.py", line 55, in inner
    response = get_response(request)
  File "E:\TEA_Center\venv\lib\site-packages\django\core\handlers\base.py", line 197, in _get_response
    response = wrapped_callback(request, *callback_args, **callback_kwargs)
  File "E:\TEA_Center\venv\lib\site-packages\django\contrib\auth\decorators.py", line 23, in _wrapper_view
    return view_func(request, *args, **kwargs)
  File "E:\TEA_Center\venv\tea_management\apps\procedimientos\views.py", line 234, in procedimiento_lista
    return render(request, 'procedimientos/lista.html', context)
  File "E:\TEA_Center\venv\lib\site-packages\django\shortcuts.py", line 24, in render
    content = loader.render_to_string(template_name, context, request, using=using)
  File "E:\TEA_Center\venv\lib\site-packages\django\template\loader.py", line 61, in render_to_string
    template = get_template(template_name, using=using)
  File "E:\TEA_Center\venv\lib\site-packages\django\template\loader.py", line 19, in get_template
    raise TemplateDoesNotExist(template_name, chain=chain)
django.template.exceptions.TemplateDoesNotExist: procedimientos/lista.html
Internal Server Error: /procedimientos/
Traceback (most recent call last):
  File "E:\TEA_Center\venv\lib\site-packages\django\core\handlers\exception.py", line 55, in inner
    response = get_response(request)
  File "E:\TEA_Center\venv\lib\site-packages\django\core\handlers\base.py", line 197, in _get_response
    response = wrapped_callback(request, *callback_args, **callback_kwargs)
  File "E:\TEA_Center\venv\lib\site-packages\django\contrib\auth\decorators.py", line 23, in _wrapper_view
    return view_func(request, *args, **kwargs)
  File "E:\TEA_Center\venv\tea_management\apps\procedimientos\views.py", line 234, in procedimiento_lista
    return render(request, 'procedimientos/lista.html', context)
  File "E:\TEA_Center\venv\lib\site-packages\django\shortcuts.py", line 24, in render
    content = loader.render_to_string(template_name, context, request, using=using)
  File "E:\TEA_Center\venv\lib\site-packages\django\template\loader.py", line 61, in render_to_string
    template = get_template(template_name, using=using)
  File "E:\TEA_Center\venv\lib\site-packages\django\template\loader.py", line 19, in get_template
    raise TemplateDoesNotExist(template_name, chain=chain)
django.template.exceptions.TemplateDoesNotExist: procedimientos/lista.html
"GET /procedimientos/ HTTP/1.1" 500 94706
"GET /procedimientos/ HTTP/1.1" 500 94706
"GET /terapias/ HTTP/1.1" 200 7763
"GET /terapias/ HTTP/1.1" 200 7763
"GET /static/img/logo.png HTTP/1.1" 404 1896
"GET /static/img/logo.png HTTP/1.1" 404 1896
"GET /consultorios/ HTTP/1.1" 200 10922
"GET /consultorios/ HTTP/1.1" 200 10922
"GET /static/img/logo.png HTTP/1.1" 404 1896
"GET /static/img/logo.png HTTP/1.1" 404 1896
"GET /admin/ HTTP/1.1" 200 35580
"GET /admin/ HTTP/1.1" 200 35580
"GET /static/jazzmin/css/main.css HTTP/1.1" 200 16969
"GET /static/vendor/fontawesome-free/css/all.min.css HTTP/1.1" 200 103009
"GET /static/jazzmin/css/main.css HTTP/1.1" 200 16969
"GET /static/vendor/fontawesome-free/css/all.min.css HTTP/1.1" 200 103009
"GET /static/vendor/adminlte/img/AdminLTELogo.png HTTP/1.1" 200 2637
"GET /static/vendor/adminlte/img/AdminLTELogo.png HTTP/1.1" 200 2637
"GET /static/vendor/adminlte/css/adminlte.min.css HTTP/1.1" 200 1382975
"GET /static/vendor/adminlte/css/adminlte.min.css HTTP/1.1" 200 1382975
"GET /static/jazzmin/js/main.js HTTP/1.1" 200 2391
"GET /static/jazzmin/js/main.js HTTP/1.1" 200 2391
"GET /static/vendor/bootstrap/js/bootstrap.min.js HTTP/1.1" 200 62440
"GET /static/vendor/bootstrap/js/bootstrap.min.js HTTP/1.1" 200 62440
"GET /static/admin/js/vendor/jquery/jquery.js HTTP/1.1" 200 285314
"GET /static/admin/js/vendor/jquery/jquery.js HTTP/1.1" 200 285314
"GET /static/vendor/adminlte/js/adminlte.min.js HTTP/1.1" 200 44244
"GET /static/vendor/adminlte/js/adminlte.min.js HTTP/1.1" 200 44244
"GET /static/vendor/fontawesome-free/webfonts/fa-solid-900.woff2 HTTP/1.1" 200 156400
"GET /static/vendor/fontawesome-free/webfonts/fa-solid-900.woff2 HTTP/1.1" 200 156400
"GET /static/vendor/fontawesome-free/webfonts/fa-regular-400.woff2 HTTP/1.1" 200 25392
"GET /static/vendor/fontawesome-free/webfonts/fa-regular-400.woff2 HTTP/1.1" 200 25392
Internal Server Error: /procedimientos/pacientes/
Traceback (most recent call last):
  File "E:\TEA_Center\venv\lib\site-packages\django\core\handlers\exception.py", line 55, in inner
    response = get_response(request)
  File "E:\TEA_Center\venv\lib\site-packages\django\core\handlers\base.py", line 197, in _get_response
    response = wrapped_callback(request, *callback_args, **callback_kwargs)
  File "E:\TEA_Center\venv\lib\site-packages\django\contrib\auth\decorators.py", line 23, in _wrapper_view
    return view_func(request, *args, **kwargs)
  File "E:\TEA_Center\venv\tea_management\apps\procedimientos\views.py", line 48, in paciente_lista
    return render(request, 'procedimientos/paciente_lista.html', context)
  File "E:\TEA_Center\venv\lib\site-packages\django\shortcuts.py", line 24, in render
    content = loader.render_to_string(template_name, context, request, using=using)
  File "E:\TEA_Center\venv\lib\site-packages\django\template\loader.py", line 61, in render_to_string
    template = get_template(template_name, using=using)
  File "E:\TEA_Center\venv\lib\site-packages\django\template\loader.py", line 19, in get_template
    raise TemplateDoesNotExist(template_name, chain=chain)
django.template.exceptions.TemplateDoesNotExist: procedimientos/paciente_lista.html
Internal Server Error: /procedimientos/pacientes/
Traceback (most recent call last):
  File "E:\TEA_Center\venv\lib\site-packages\django\core\handlers\exception.py", line 55, in inner
    response = get_response(request)
  File "E:\TEA_Center\venv\lib\site-packages\django\core\handlers\base.py", line 197, in _get_response
    response = wrapped_callback(request, *callback_args, **callback_kwargs)
  File "E:\TEA_Center\venv\lib\site-packages\django\contrib\auth\decorators.py", line 23, in _wrapper_view
    return view_func(request, *args, **kwargs)
  File "E:\TEA_Center\venv\tea_management\apps\procedimientos\views.py", line 48, in paciente_lista
    return render(request, 'procedimientos/paciente_lista.html', context)
  File "E:\TEA_Center\venv\lib\site-packages\django\shortcuts.py", line 24, in render
    content = loader.render_to_string(template_name, context, request, using=using)
  File "E:\TEA_Center\venv\lib\site-packages\django\template\loader.py", line 61, in render_to_string
    template = get_template(template_name, using=using)
  File "E:\TEA_Center\venv\lib\site-packages\django\template\loader.py", line 19, in get_template
    raise TemplateDoesNotExist(template_name, chain=chain)
django.template.exceptions.TemplateDoesNotExist: procedimientos/paciente_lista.html
"GET /procedimientos/pacientes/ HTTP/1.1" 500 96212
"GET /procedimientos/pacientes/ HTTP/1.1" 500 96212
Watching for file changes with StatReloader
Watching for file changes with StatReloader
"GET / HTTP/1.1" 200 11434
"GET / HTTP/1.1" 200 11434
"GET /static/img/logo.png HTTP/1.1" 404 1896
"GET /static/img/logo.png HTTP/1.1" 404 1896
Internal Server Error: /procedimientos/pacientes/
Traceback (most recent call last):
  File "E:\TEA_Center\venv\lib\site-packages\django\core\handlers\exception.py", line 55, in inner
    response = get_response(request)
  File "E:\TEA_Center\venv\lib\site-packages\django\core\handlers\base.py", line 197, in _get_response
    response = wrapped_callback(request, *callback_args, **callback_kwargs)
  File "E:\TEA_Center\venv\lib\site-packages\django\contrib\auth\decorators.py", line 23, in _wrapper_view
    return view_func(request, *args, **kwargs)
  File "E:\TEA_Center\venv\tea_management\apps\procedimientos\views.py", line 48, in paciente_lista
    return render(request, 'procedimientos/paciente_lista.html', context)
  File "E:\TEA_Center\venv\lib\site-packages\django\shortcuts.py", line 24, in render
    content = loader.render_to_string(template_name, context, request, using=using)
  File "E:\TEA_Center\venv\lib\site-packages\django\template\loader.py", line 61, in render_to_string
    template = get_template(template_name, using=using)
  File "E:\TEA_Center\venv\lib\site-packages\django\template\loader.py", line 19, in get_template
    raise TemplateDoesNotExist(template_name, chain=chain)
django.template.exceptions.TemplateDoesNotExist: procedimientos/paciente_lista.html
Internal Server Error: /procedimientos/pacientes/
Traceback (most recent call last):
  File "E:\TEA_Center\venv\lib\site-packages\django\core\handlers\exception.py", line 55, in inner
    response = get_response(request)
  File "E:\TEA_Center\venv\lib\site-packages\django\core\handlers\base.py", line 197, in _get_response
    response = wrapped_callback(request, *callback_args, **callback_kwargs)
  File "E:\TEA_Center\venv\lib\site-packages\django\contrib\auth\decorators.py", line 23, in _wrapper_view
    return view_func(request, *args, **kwargs)
  File "E:\TEA_Center\venv\tea_management\apps\procedimientos\views.py", line 48, in paciente_lista
    return render(request, 'procedimientos/paciente_lista.html', context)
  File "E:\TEA_Center\venv\lib\site-packages\django\shortcuts.py", line 24, in render
    content = loader.render_to_string(template_name, context, request, using=using)
  File "E:\TEA_Center\venv\lib\site-packages\django\template\loader.py", line 61, in render_to_string
    template = get_template(template_name, using=using)
  File "E:\TEA_Center\venv\lib\site-packages\django\template\loader.py", line 19, in get_template
    raise TemplateDoesNotExist(template_name, chain=chain)
django.template.exceptions.TemplateDoesNotExist: procedimientos/paciente_lista.html
"GET /procedimientos/pacientes/ HTTP/1.1" 500 96809
"GET /procedimientos/pacientes/ HTTP/1.1" 500 96809
Not Found: /favicon.ico
Not Found: /favicon.ico
"GET /favicon.ico HTTP/1.1" 404 5487
"GET /favicon.ico HTTP/1.1" 404 5487
Internal Server Error: /procedimientos/
Traceback (most recent call last):
  File "E:\TEA_Center\venv\lib\site-packages\django\core\handlers\exception.py", line 55, in inner
    response = get_response(request)
  File "E:\TEA_Center\venv\lib\site-packages\django\core\handlers\base.py", line 197, in _get_response
    response = wrapped_callback(request, *callback_args, **callback_kwargs)
  File "E:\TEA_Center\venv\lib\site-packages\django\contrib\auth\decorators.py", line 23, in _wrapper_view
    return view_func(request, *args, **kwargs)
  File "E:\TEA_Center\venv\tea_management\apps\procedimientos\views.py", line 234, in procedimiento_lista
    return render(request, 'procedimientos/lista.html', context)
  File "E:\TEA_Center\venv\lib\site-packages\django\shortcuts.py", line 24, in render
    content = loader.render_to_string(template_name, context, request, using=using)
  File "E:\TEA_Center\venv\lib\site-packages\django\template\loader.py", line 61, in render_to_string
    template = get_template(template_name, using=using)
  File "E:\TEA_Center\venv\lib\site-packages\django\template\loader.py", line 19, in get_template
    raise TemplateDoesNotExist(template_name, chain=chain)
django.template.exceptions.TemplateDoesNotExist: procedimientos/lista.html
Internal Server Error: /procedimientos/
Traceback (most recent call last):
  File "E:\TEA_Center\venv\lib\site-packages\django\core\handlers\exception.py", line 55, in inner
    response = get_response(request)
  File "E:\TEA_Center\venv\lib\site-packages\django\core\handlers\base.py", line 197, in _get_response
    response = wrapped_callback(request, *callback_args, **callback_kwargs)
  File "E:\TEA_Center\venv\lib\site-packages\django\contrib\auth\decorators.py", line 23, in _wrapper_view
    return view_func(request, *args, **kwargs)
  File "E:\TEA_Center\venv\tea_management\apps\procedimientos\views.py", line 234, in procedimiento_lista
    return render(request, 'procedimientos/lista.html', context)
  File "E:\TEA_Center\venv\lib\site-packages\django\shortcuts.py", line 24, in render
    content = loader.render_to_string(template_name, context, request, using=using)
  File "E:\TEA_Center\venv\lib\site-packages\django\template\loader.py", line 61, in render_to_string
    template = get_template(template_name, using=using)
  File "E:\TEA_Center\venv\lib\site-packages\django\template\loader.py", line 19, in get_template
    raise TemplateDoesNotExist(template_name, chain=chain)
django.template.exceptions.TemplateDoesNotExist: procedimientos/lista.html
"GET /procedimientos/ HTTP/1.1" 500 95303
"GET /procedimientos/ HTTP/1.1" 500 95303
"GET /terapias/ HTTP/1.1" 200 7763
"GET /terapias/ HTTP/1.1" 200 7763
"GET /static/img/logo.png HTTP/1.1" 404 1896
"GET /static/img/logo.png HTTP/1.1" 404 1896
Internal Server Error: /terapias/crear/
Traceback (most recent call last):
  File "E:\TEA_Center\venv\lib\site-packages\django\core\handlers\exception.py", line 55, in inner
    response = get_response(request)
  File "E:\TEA_Center\venv\lib\site-packages\django\core\handlers\base.py", line 197, in _get_response
    response = wrapped_callback(request, *callback_args, **callback_kwargs)
  File "E:\TEA_Center\venv\lib\site-packages\django\contrib\auth\decorators.py", line 23, in _wrapper_view
    return view_func(request, *args, **kwargs)
  File "E:\TEA_Center\venv\tea_management\apps\terapias\views.py", line 155, in terapia_create
    return render(request, 'terapias/terapia_form.html', {
  File "E:\TEA_Center\venv\lib\site-packages\django\shortcuts.py", line 24, in render
    content = loader.render_to_string(template_name, context, request, using=using)
  File "E:\TEA_Center\venv\lib\site-packages\django\template\loader.py", line 61, in render_to_string
    template = get_template(template_name, using=using)
  File "E:\TEA_Center\venv\lib\site-packages\django\template\loader.py", line 19, in get_template
    raise TemplateDoesNotExist(template_name, chain=chain)
django.template.exceptions.TemplateDoesNotExist: terapias/terapia_form.html
Internal Server Error: /terapias/crear/
Traceback (most recent call last):
  File "E:\TEA_Center\venv\lib\site-packages\django\core\handlers\exception.py", line 55, in inner
    response = get_response(request)
  File "E:\TEA_Center\venv\lib\site-packages\django\core\handlers\base.py", line 197, in _get_response
    response = wrapped_callback(request, *callback_args, **callback_kwargs)
  File "E:\TEA_Center\venv\lib\site-packages\django\contrib\auth\decorators.py", line 23, in _wrapper_view
    return view_func(request, *args, **kwargs)
  File "E:\TEA_Center\venv\tea_management\apps\terapias\views.py", line 155, in terapia_create
    return render(request, 'terapias/terapia_form.html', {
  File "E:\TEA_Center\venv\lib\site-packages\django\shortcuts.py", line 24, in render
    content = loader.render_to_string(template_name, context, request, using=using)
  File "E:\TEA_Center\venv\lib\site-packages\django\template\loader.py", line 61, in render_to_string
    template = get_template(template_name, using=using)
  File "E:\TEA_Center\venv\lib\site-packages\django\template\loader.py", line 19, in get_template
    raise TemplateDoesNotExist(template_name, chain=chain)
django.template.exceptions.TemplateDoesNotExist: terapias/terapia_form.html
"GET /terapias/crear/ HTTP/1.1" 500 96157
"GET /terapias/crear/ HTTP/1.1" 500 96157
Internal Server Error: /terapias/crear/
Traceback (most recent call last):
  File "E:\TEA_Center\venv\lib\site-packages\django\core\handlers\exception.py", line 55, in inner
    response = get_response(request)
  File "E:\TEA_Center\venv\lib\site-packages\django\core\handlers\base.py", line 197, in _get_response
    response = wrapped_callback(request, *callback_args, **callback_kwargs)
  File "E:\TEA_Center\venv\lib\site-packages\django\contrib\auth\decorators.py", line 23, in _wrapper_view
    return view_func(request, *args, **kwargs)
  File "E:\TEA_Center\venv\tea_management\apps\terapias\views.py", line 155, in terapia_create
    return render(request, 'terapias/terapia_form.html', {
  File "E:\TEA_Center\venv\lib\site-packages\django\shortcuts.py", line 24, in render
    content = loader.render_to_string(template_name, context, request, using=using)
  File "E:\TEA_Center\venv\lib\site-packages\django\template\loader.py", line 61, in render_to_string
    template = get_template(template_name, using=using)
  File "E:\TEA_Center\venv\lib\site-packages\django\template\loader.py", line 19, in get_template
    raise TemplateDoesNotExist(template_name, chain=chain)
django.template.exceptions.TemplateDoesNotExist: terapias/terapia_form.html
Internal Server Error: /terapias/crear/
Traceback (most recent call last):
  File "E:\TEA_Center\venv\lib\site-packages\django\core\handlers\exception.py", line 55, in inner
    response = get_response(request)
  File "E:\TEA_Center\venv\lib\site-packages\django\core\handlers\base.py", line 197, in _get_response
    response = wrapped_callback(request, *callback_args, **callback_kwargs)
  File "E:\TEA_Center\venv\lib\site-packages\django\contrib\auth\decorators.py", line 23, in _wrapper_view
    return view_func(request, *args, **kwargs)
  File "E:\TEA_Center\venv\tea_management\apps\terapias\views.py", line 155, in terapia_create
    return render(request, 'terapias/terapia_form.html', {
  File "E:\TEA_Center\venv\lib\site-packages\django\shortcuts.py", line 24, in render
    content = loader.render_to_string(template_name, context, request, using=using)
  File "E:\TEA_Center\venv\lib\site-packages\django\template\loader.py", line 61, in render_to_string
    template = get_template(template_name, using=using)
  File "E:\TEA_Center\venv\lib\site-packages\django\template\loader.py", line 19, in get_template
    raise TemplateDoesNotExist(template_name, chain=chain)
django.template.exceptions.TemplateDoesNotExist: terapias/terapia_form.html
"GET /terapias/crear/ HTTP/1.1" 500 96157
"GET /terapias/crear/ HTTP/1.1" 500 96157
"GET /consultorios/ HTTP/1.1" 200 10922
"GET /consultorios/ HTTP/1.1" 200 10922
"GET /static/img/logo.png HTTP/1.1" 404 1896
"GET /static/img/logo.png HTTP/1.1" 404 1896
Internal Server Error: /consultorios/crear/
Traceback (most recent call last):
  File "E:\TEA_Center\venv\lib\site-packages\django\core\handlers\exception.py", line 55, in inner
    response = get_response(request)
  File "E:\TEA_Center\venv\lib\site-packages\django\core\handlers\base.py", line 197, in _get_response
    response = wrapped_callback(request, *callback_args, **callback_kwargs)
  File "E:\TEA_Center\venv\lib\site-packages\django\contrib\auth\decorators.py", line 23, in _wrapper_view
    return view_func(request, *args, **kwargs)
  File "E:\TEA_Center\venv\tea_management\apps\consultorios\views.py", line 121, in consultorio_create
    return render(request, 'consultorios/consultorio_form.html', {
  File "E:\TEA_Center\venv\lib\site-packages\django\shortcuts.py", line 24, in render
    content = loader.render_to_string(template_name, context, request, using=using)
  File "E:\TEA_Center\venv\lib\site-packages\django\template\loader.py", line 61, in render_to_string
    template = get_template(template_name, using=using)
  File "E:\TEA_Center\venv\lib\site-packages\django\template\loader.py", line 19, in get_template
    raise TemplateDoesNotExist(template_name, chain=chain)
django.template.exceptions.TemplateDoesNotExist: consultorios/consultorio_form.html
Internal Server Error: /consultorios/crear/
Traceback (most recent call last):
  File "E:\TEA_Center\venv\lib\site-packages\django\core\handlers\exception.py", line 55, in inner
    response = get_response(request)
  File "E:\TEA_Center\venv\lib\site-packages\django\core\handlers\base.py", line 197, in _get_response
    response = wrapped_callback(request, *callback_args, **callback_kwargs)
  File "E:\TEA_Center\venv\lib\site-packages\django\contrib\auth\decorators.py", line 23, in _wrapper_view
    return view_func(request, *args, **kwargs)
  File "E:\TEA_Center\venv\tea_management\apps\consultorios\views.py", line 121, in consultorio_create
    return render(request, 'consultorios/consultorio_form.html', {
  File "E:\TEA_Center\venv\lib\site-packages\django\shortcuts.py", line 24, in render
    content = loader.render_to_string(template_name, context, request, using=using)
  File "E:\TEA_Center\venv\lib\site-packages\django\template\loader.py", line 61, in render_to_string
    template = get_template(template_name, using=using)
  File "E:\TEA_Center\venv\lib\site-packages\django\template\loader.py", line 19, in get_template
    raise TemplateDoesNotExist(template_name, chain=chain)
django.template.exceptions.TemplateDoesNotExist: consultorios/consultorio_form.html
"GET /consultorios/crear/ HTTP/1.1" 500 95969
"GET /consultorios/crear/ HTTP/1.1" 500 95969
"GET /admin/ HTTP/1.1" 200 35580
"GET /admin/ HTTP/1.1" 200 35580
"GET / HTTP/1.1" 200 11434
"GET / HTTP/1.1" 200 11434
"GET /static/img/logo.png HTTP/1.1" 404 1896
"GET /static/img/logo.png HTTP/1.1" 404 1896
Watching for file changes with StatReloader
Watching for file changes with StatReloader
"GET / HTTP/1.1" 200 11434
"GET / HTTP/1.1" 200 11434
"GET /static/img/logo.png HTTP/1.1" 404 1896
"GET /static/img/logo.png HTTP/1.1" 404 1896
"GET / HTTP/1.1" 200 11434
"GET / HTTP/1.1" 200 11434
"GET /static/img/logo.png HTTP/1.1" 200 32733
"GET /static/img/logo.png HTTP/1.1" 200 32733
"GET / HTTP/1.1" 200 11903
"GET / HTTP/1.1" 200 11903
"GET /static/img/logo.png HTTP/1.1" 304 0
"GET /static/img/logo.png HTTP/1.1" 304 0
Watching for file changes with StatReloader
Watching for file changes with StatReloader
"GET / HTTP/1.1" 200 11903
"GET / HTTP/1.1" 200 11903
"GET /static/img/logo.png HTTP/1.1" 304 0
"GET /static/img/logo.png HTTP/1.1" 304 0
Internal Server Error: /procedimientos/pacientes/
Traceback (most recent call last):
  File "E:\TEA_Center\venv\lib\site-packages\django\template\defaulttags.py", line 1033, in find_library
    return parser.libraries[name]
KeyError: 'procedure_tags'

During handling of the above exception, another exception occurred:

Traceback (most recent call last):
  File "E:\TEA_Center\venv\lib\site-packages\django\core\handlers\exception.py", line 55, in inner
    response = get_response(request)
  File "E:\TEA_Center\venv\lib\site-packages\django\core\handlers\base.py", line 197, in _get_response
    response = wrapped_callback(request, *callback_args, **callback_kwargs)
  File "E:\TEA_Center\venv\lib\site-packages\django\contrib\auth\decorators.py", line 23, in _wrapper_view
    return view_func(request, *args, **kwargs)
  File "E:\TEA_Center\venv\tea_management\apps\procedimientos\views.py", line 60, in paciente_lista
    return render(request, 'procedimientos/paciente_list.html', context)
  File "E:\TEA_Center\venv\lib\site-packages\django\shortcuts.py", line 24, in render
    content = loader.render_to_string(template_name, context, request, using=using)
  File "E:\TEA_Center\venv\lib\site-packages\django\template\loader.py", line 62, in render_to_string
    return template.render(context, request)
  File "E:\TEA_Center\venv\lib\site-packages\django\template\backends\django.py", line 61, in render
    return self.template.render(context)
  File "E:\TEA_Center\venv\lib\site-packages\django\template\base.py", line 171, in render
    return self._render(context)
  File "E:\TEA_Center\venv\lib\site-packages\django\template\base.py", line 163, in _render
    return self.nodelist.render(context)
  File "E:\TEA_Center\venv\lib\site-packages\django\template\base.py", line 1000, in render
    return SafeString("".join([node.render_annotated(context) for node in self]))
  File "E:\TEA_Center\venv\lib\site-packages\django\template\base.py", line 1000, in <listcomp>
    return SafeString("".join([node.render_annotated(context) for node in self]))
  File "E:\TEA_Center\venv\lib\site-packages\django\template\base.py", line 961, in render_annotated
    return self.render(context)
  File "E:\TEA_Center\venv\lib\site-packages\django\template\loader_tags.py", line 159, in render
    return compiled_parent._render(context)
  File "E:\TEA_Center\venv\lib\site-packages\django\template\base.py", line 163, in _render
    return self.nodelist.render(context)
  File "E:\TEA_Center\venv\lib\site-packages\django\template\base.py", line 1000, in render
    return SafeString("".join([node.render_annotated(context) for node in self]))
  File "E:\TEA_Center\venv\lib\site-packages\django\template\base.py", line 1000, in <listcomp>
    return SafeString("".join([node.render_annotated(context) for node in self]))
  File "E:\TEA_Center\venv\lib\site-packages\django\template\base.py", line 961, in render_annotated
    return self.render(context)
  File "E:\TEA_Center\venv\lib\site-packages\django\template\defaulttags.py", line 325, in render
    return nodelist.render(context)
  File "E:\TEA_Center\venv\lib\site-packages\django\template\base.py", line 1000, in render
    return SafeString("".join([node.render_annotated(context) for node in self]))
  File "E:\TEA_Center\venv\lib\site-packages\django\template\base.py", line 1000, in <listcomp>
    return SafeString("".join([node.render_annotated(context) for node in self]))
  File "E:\TEA_Center\venv\lib\site-packages\django\template\base.py", line 961, in render_annotated
    return self.render(context)
  File "E:\TEA_Center\venv\lib\site-packages\django\template\loader_tags.py", line 65, in render
    result = block.nodelist.render(context)
  File "E:\TEA_Center\venv\lib\site-packages\django\template\base.py", line 1000, in render
    return SafeString("".join([node.render_annotated(context) for node in self]))
  File "E:\TEA_Center\venv\lib\site-packages\django\template\base.py", line 1000, in <listcomp>
    return SafeString("".join([node.render_annotated(context) for node in self]))
  File "E:\TEA_Center\venv\lib\site-packages\django\template\base.py", line 961, in render_annotated
    return self.render(context)
  File "E:\TEA_Center\venv\lib\site-packages\django\template\loader_tags.py", line 199, in render
    template = context.template.engine.select_template(template_name)
  File "E:\TEA_Center\venv\lib\site-packages\django\template\engine.py", line 206, in select_template
    return self.get_template(template_name)
  File "E:\TEA_Center\venv\lib\site-packages\django\template\engine.py", line 175, in get_template
    template, origin = self.find_template(template_name)
  File "E:\TEA_Center\venv\lib\site-packages\django\template\engine.py", line 157, in find_template
    template = loader.get_template(name, skip=skip)
  File "E:\TEA_Center\venv\lib\site-packages\django\template\loaders\cached.py", line 57, in get_template
    template = super().get_template(template_name, skip)
  File "E:\TEA_Center\venv\lib\site-packages\django\template\loaders\base.py", line 28, in get_template
    return Template(
  File "E:\TEA_Center\venv\lib\site-packages\django\template\base.py", line 154, in __init__
    self.nodelist = self.compile_nodelist()
  File "E:\TEA_Center\venv\lib\site-packages\django\template\base.py", line 196, in compile_nodelist
    return parser.parse()
  File "E:\TEA_Center\venv\lib\site-packages\django\template\base.py", line 510, in parse
    raise self.error(token, e)
  File "E:\TEA_Center\venv\lib\site-packages\django\template\base.py", line 508, in parse
    compiled_result = compile_func(self, token)
  File "E:\TEA_Center\venv\lib\site-packages\django\template\defaulttags.py", line 1095, in load
    lib = find_library(parser, name)
  File "E:\TEA_Center\venv\lib\site-packages\django\template\defaulttags.py", line 1035, in find_library
    raise TemplateSyntaxError(
django.template.exceptions.TemplateSyntaxError: 'procedure_tags' is not a registered tag library. Must be one of:
admin_list
admin_modify
admin_urls
cache
crispy_forms_field
crispy_forms_filters
crispy_forms_tags
crispy_forms_utils
debugger_tags
django_htmx
highlighting
i18n
indent_text
jazzmin
l10n
log
rest_framework
static
syntax_color
tz
widont
Internal Server Error: /procedimientos/pacientes/
Traceback (most recent call last):
  File "E:\TEA_Center\venv\lib\site-packages\django\template\defaulttags.py", line 1033, in find_library
    return parser.libraries[name]
KeyError: 'procedure_tags'

During handling of the above exception, another exception occurred:

Traceback (most recent call last):
  File "E:\TEA_Center\venv\lib\site-packages\django\core\handlers\exception.py", line 55, in inner
    response = get_response(request)
  File "E:\TEA_Center\venv\lib\site-packages\django\core\handlers\base.py", line 197, in _get_response
    response = wrapped_callback(request, *callback_args, **callback_kwargs)
  File "E:\TEA_Center\venv\lib\site-packages\django\contrib\auth\decorators.py", line 23, in _wrapper_view
    return view_func(request, *args, **kwargs)
  File "E:\TEA_Center\venv\tea_management\apps\procedimientos\views.py", line 60, in paciente_lista
    return render(request, 'procedimientos/paciente_list.html', context)
  File "E:\TEA_Center\venv\lib\site-packages\django\shortcuts.py", line 24, in render
    content = loader.render_to_string(template_name, context, request, using=using)
  File "E:\TEA_Center\venv\lib\site-packages\django\template\loader.py", line 62, in render_to_string
    return template.render(context, request)
  File "E:\TEA_Center\venv\lib\site-packages\django\template\backends\django.py", line 61, in render
    return self.template.render(context)
  File "E:\TEA_Center\venv\lib\site-packages\django\template\base.py", line 171, in render
    return self._render(context)
  File "E:\TEA_Center\venv\lib\site-packages\django\template\base.py", line 163, in _render
    return self.nodelist.render(context)
  File "E:\TEA_Center\venv\lib\site-packages\django\template\base.py", line 1000, in render
    return SafeString("".join([node.render_annotated(context) for node in self]))
  File "E:\TEA_Center\venv\lib\site-packages\django\template\base.py", line 1000, in <listcomp>
    return SafeString("".join([node.render_annotated(context) for node in self]))
  File "E:\TEA_Center\venv\lib\site-packages\django\template\base.py", line 961, in render_annotated
    return self.render(context)
  File "E:\TEA_Center\venv\lib\site-packages\django\template\loader_tags.py", line 159, in render
    return compiled_parent._render(context)
  File "E:\TEA_Center\venv\lib\site-packages\django\template\base.py", line 163, in _render
    return self.nodelist.render(context)
  File "E:\TEA_Center\venv\lib\site-packages\django\template\base.py", line 1000, in render
    return SafeString("".join([node.render_annotated(context) for node in self]))
  File "E:\TEA_Center\venv\lib\site-packages\django\template\base.py", line 1000, in <listcomp>
    return SafeString("".join([node.render_annotated(context) for node in self]))
  File "E:\TEA_Center\venv\lib\site-packages\django\template\base.py", line 961, in render_annotated
    return self.render(context)
  File "E:\TEA_Center\venv\lib\site-packages\django\template\defaulttags.py", line 325, in render
    return nodelist.render(context)
  File "E:\TEA_Center\venv\lib\site-packages\django\template\base.py", line 1000, in render
    return SafeString("".join([node.render_annotated(context) for node in self]))
  File "E:\TEA_Center\venv\lib\site-packages\django\template\base.py", line 1000, in <listcomp>
    return SafeString("".join([node.render_annotated(context) for node in self]))
  File "E:\TEA_Center\venv\lib\site-packages\django\template\base.py", line 961, in render_annotated
    return self.render(context)
  File "E:\TEA_Center\venv\lib\site-packages\django\template\loader_tags.py", line 65, in render
    result = block.nodelist.render(context)
  File "E:\TEA_Center\venv\lib\site-packages\django\template\base.py", line 1000, in render
    return SafeString("".join([node.render_annotated(context) for node in self]))
  File "E:\TEA_Center\venv\lib\site-packages\django\template\base.py", line 1000, in <listcomp>
    return SafeString("".join([node.render_annotated(context) for node in self]))
  File "E:\TEA_Center\venv\lib\site-packages\django\template\base.py", line 961, in render_annotated
    return self.render(context)
  File "E:\TEA_Center\venv\lib\site-packages\django\template\loader_tags.py", line 199, in render
    template = context.template.engine.select_template(template_name)
  File "E:\TEA_Center\venv\lib\site-packages\django\template\engine.py", line 206, in select_template
    return self.get_template(template_name)
  File "E:\TEA_Center\venv\lib\site-packages\django\template\engine.py", line 175, in get_template
    template, origin = self.find_template(template_name)
  File "E:\TEA_Center\venv\lib\site-packages\django\template\engine.py", line 157, in find_template
    template = loader.get_template(name, skip=skip)
  File "E:\TEA_Center\venv\lib\site-packages\django\template\loaders\cached.py", line 57, in get_template
    template = super().get_template(template_name, skip)
  File "E:\TEA_Center\venv\lib\site-packages\django\template\loaders\base.py", line 28, in get_template
    return Template(
  File "E:\TEA_Center\venv\lib\site-packages\django\template\base.py", line 154, in __init__
    self.nodelist = self.compile_nodelist()
  File "E:\TEA_Center\venv\lib\site-packages\django\template\base.py", line 196, in compile_nodelist
    return parser.parse()
  File "E:\TEA_Center\venv\lib\site-packages\django\template\base.py", line 510, in parse
    raise self.error(token, e)
  File "E:\TEA_Center\venv\lib\site-packages\django\template\base.py", line 508, in parse
    compiled_result = compile_func(self, token)
  File "E:\TEA_Center\venv\lib\site-packages\django\template\defaulttags.py", line 1095, in load
    lib = find_library(parser, name)
  File "E:\TEA_Center\venv\lib\site-packages\django\template\defaulttags.py", line 1035, in find_library
    raise TemplateSyntaxError(
django.template.exceptions.TemplateSyntaxError: 'procedure_tags' is not a registered tag library. Must be one of:
admin_list
admin_modify
admin_urls
cache
crispy_forms_field
crispy_forms_filters
crispy_forms_tags
crispy_forms_utils
debugger_tags
django_htmx
highlighting
i18n
indent_text
jazzmin
l10n
log
rest_framework
static
syntax_color
tz
widont
"GET /procedimientos/pacientes/ HTTP/1.1" 500 274756
"GET /procedimientos/pacientes/ HTTP/1.1" 500 274756
Internal Server Error: /procedimientos/
Traceback (most recent call last):
  File "E:\TEA_Center\venv\lib\site-packages\django\core\handlers\exception.py", line 55, in inner
    response = get_response(request)
  File "E:\TEA_Center\venv\lib\site-packages\django\core\handlers\base.py", line 197, in _get_response
    response = wrapped_callback(request, *callback_args, **callback_kwargs)
  File "E:\TEA_Center\venv\lib\site-packages\django\contrib\auth\decorators.py", line 23, in _wrapper_view
    return view_func(request, *args, **kwargs)
  File "E:\TEA_Center\venv\tea_management\apps\procedimientos\views.py", line 318, in procedimiento_lista
    return render(request, 'procedimientos/lista.html', context)
  File "E:\TEA_Center\venv\lib\site-packages\django\shortcuts.py", line 24, in render
    content = loader.render_to_string(template_name, context, request, using=using)
  File "E:\TEA_Center\venv\lib\site-packages\django\template\loader.py", line 61, in render_to_string
    template = get_template(template_name, using=using)
  File "E:\TEA_Center\venv\lib\site-packages\django\template\loader.py", line 19, in get_template
    raise TemplateDoesNotExist(template_name, chain=chain)
django.template.exceptions.TemplateDoesNotExist: procedimientos/lista.html
Internal Server Error: /procedimientos/
Traceback (most recent call last):
  File "E:\TEA_Center\venv\lib\site-packages\django\core\handlers\exception.py", line 55, in inner
    response = get_response(request)
  File "E:\TEA_Center\venv\lib\site-packages\django\core\handlers\base.py", line 197, in _get_response
    response = wrapped_callback(request, *callback_args, **callback_kwargs)
  File "E:\TEA_Center\venv\lib\site-packages\django\contrib\auth\decorators.py", line 23, in _wrapper_view
    return view_func(request, *args, **kwargs)
  File "E:\TEA_Center\venv\tea_management\apps\procedimientos\views.py", line 318, in procedimiento_lista
    return render(request, 'procedimientos/lista.html', context)
  File "E:\TEA_Center\venv\lib\site-packages\django\shortcuts.py", line 24, in render
    content = loader.render_to_string(template_name, context, request, using=using)
  File "E:\TEA_Center\venv\lib\site-packages\django\template\loader.py", line 61, in render_to_string
    template = get_template(template_name, using=using)
  File "E:\TEA_Center\venv\lib\site-packages\django\template\loader.py", line 19, in get_template
    raise TemplateDoesNotExist(template_name, chain=chain)
django.template.exceptions.TemplateDoesNotExist: procedimientos/lista.html
"GET /procedimientos/ HTTP/1.1" 500 95303
"GET /procedimientos/ HTTP/1.1" 500 95303
Internal Server Error: /procedimientos/
Traceback (most recent call last):
  File "E:\TEA_Center\venv\lib\site-packages\django\core\handlers\exception.py", line 55, in inner
    response = get_response(request)
  File "E:\TEA_Center\venv\lib\site-packages\django\core\handlers\base.py", line 197, in _get_response
    response = wrapped_callback(request, *callback_args, **callback_kwargs)
  File "E:\TEA_Center\venv\lib\site-packages\django\contrib\auth\decorators.py", line 23, in _wrapper_view
    return view_func(request, *args, **kwargs)
  File "E:\TEA_Center\venv\tea_management\apps\procedimientos\views.py", line 318, in procedimiento_lista
    return render(request, 'procedimientos/lista.html', context)
  File "E:\TEA_Center\venv\lib\site-packages\django\shortcuts.py", line 24, in render
    content = loader.render_to_string(template_name, context, request, using=using)
  File "E:\TEA_Center\venv\lib\site-packages\django\template\loader.py", line 61, in render_to_string
    template = get_template(template_name, using=using)
  File "E:\TEA_Center\venv\lib\site-packages\django\template\loader.py", line 19, in get_template
    raise TemplateDoesNotExist(template_name, chain=chain)
django.template.exceptions.TemplateDoesNotExist: procedimientos/lista.html
Internal Server Error: /procedimientos/
Traceback (most recent call last):
  File "E:\TEA_Center\venv\lib\site-packages\django\core\handlers\exception.py", line 55, in inner
    response = get_response(request)
  File "E:\TEA_Center\venv\lib\site-packages\django\core\handlers\base.py", line 197, in _get_response
    response = wrapped_callback(request, *callback_args, **callback_kwargs)
  File "E:\TEA_Center\venv\lib\site-packages\django\contrib\auth\decorators.py", line 23, in _wrapper_view
    return view_func(request, *args, **kwargs)
  File "E:\TEA_Center\venv\tea_management\apps\procedimientos\views.py", line 318, in procedimiento_lista
    return render(request, 'procedimientos/lista.html', context)
  File "E:\TEA_Center\venv\lib\site-packages\django\shortcuts.py", line 24, in render
    content = loader.render_to_string(template_name, context, request, using=using)
  File "E:\TEA_Center\venv\lib\site-packages\django\template\loader.py", line 61, in render_to_string
    template = get_template(template_name, using=using)
  File "E:\TEA_Center\venv\lib\site-packages\django\template\loader.py", line 19, in get_template
    raise TemplateDoesNotExist(template_name, chain=chain)
django.template.exceptions.TemplateDoesNotExist: procedimientos/lista.html
"GET /procedimientos/ HTTP/1.1" 500 95303
"GET /procedimientos/ HTTP/1.1" 500 95303
E:\TEA_Center\venv\tea_management\apps\procedimientos\views.py changed, reloading.
E:\TEA_Center\venv\tea_management\apps\procedimientos\views.py changed, reloading.
Watching for file changes with StatReloader
Watching for file changes with StatReloader
Internal Server Error: /procedimientos/pacientes/
Traceback (most recent call last):
  File "E:\TEA_Center\venv\lib\site-packages\django\template\defaulttags.py", line 1033, in find_library
    return parser.libraries[name]
KeyError: 'procedure_tags'

During handling of the above exception, another exception occurred:

Traceback (most recent call last):
  File "E:\TEA_Center\venv\lib\site-packages\django\core\handlers\exception.py", line 55, in inner
    response = get_response(request)
  File "E:\TEA_Center\venv\lib\site-packages\django\core\handlers\base.py", line 197, in _get_response
    response = wrapped_callback(request, *callback_args, **callback_kwargs)
  File "E:\TEA_Center\venv\lib\site-packages\django\contrib\auth\decorators.py", line 23, in _wrapper_view
    return view_func(request, *args, **kwargs)
  File "E:\TEA_Center\venv\tea_management\apps\procedimientos\views.py", line 60, in paciente_lista
    return render(request, 'procedimientos/paciente_list.html', context)
  File "E:\TEA_Center\venv\lib\site-packages\django\shortcuts.py", line 24, in render
    content = loader.render_to_string(template_name, context, request, using=using)
  File "E:\TEA_Center\venv\lib\site-packages\django\template\loader.py", line 62, in render_to_string
    return template.render(context, request)
  File "E:\TEA_Center\venv\lib\site-packages\django\template\backends\django.py", line 61, in render
    return self.template.render(context)
  File "E:\TEA_Center\venv\lib\site-packages\django\template\base.py", line 171, in render
    return self._render(context)
  File "E:\TEA_Center\venv\lib\site-packages\django\template\base.py", line 163, in _render
    return self.nodelist.render(context)
  File "E:\TEA_Center\venv\lib\site-packages\django\template\base.py", line 1000, in render
    return SafeString("".join([node.render_annotated(context) for node in self]))
  File "E:\TEA_Center\venv\lib\site-packages\django\template\base.py", line 1000, in <listcomp>
    return SafeString("".join([node.render_annotated(context) for node in self]))
  File "E:\TEA_Center\venv\lib\site-packages\django\template\base.py", line 961, in render_annotated
    return self.render(context)
  File "E:\TEA_Center\venv\lib\site-packages\django\template\loader_tags.py", line 159, in render
    return compiled_parent._render(context)
  File "E:\TEA_Center\venv\lib\site-packages\django\template\base.py", line 163, in _render
    return self.nodelist.render(context)
  File "E:\TEA_Center\venv\lib\site-packages\django\template\base.py", line 1000, in render
    return SafeString("".join([node.render_annotated(context) for node in self]))
  File "E:\TEA_Center\venv\lib\site-packages\django\template\base.py", line 1000, in <listcomp>
    return SafeString("".join([node.render_annotated(context) for node in self]))
  File "E:\TEA_Center\venv\lib\site-packages\django\template\base.py", line 961, in render_annotated
    return self.render(context)
  File "E:\TEA_Center\venv\lib\site-packages\django\template\defaulttags.py", line 325, in render
    return nodelist.render(context)
  File "E:\TEA_Center\venv\lib\site-packages\django\template\base.py", line 1000, in render
    return SafeString("".join([node.render_annotated(context) for node in self]))
  File "E:\TEA_Center\venv\lib\site-packages\django\template\base.py", line 1000, in <listcomp>
    return SafeString("".join([node.render_annotated(context) for node in self]))
  File "E:\TEA_Center\venv\lib\site-packages\django\template\base.py", line 961, in render_annotated
    return self.render(context)
  File "E:\TEA_Center\venv\lib\site-packages\django\template\loader_tags.py", line 65, in render
    result = block.nodelist.render(context)
  File "E:\TEA_Center\venv\lib\site-packages\django\template\base.py", line 1000, in render
    return SafeString("".join([node.render_annotated(context) for node in self]))
  File "E:\TEA_Center\venv\lib\site-packages\django\template\base.py", line 1000, in <listcomp>
    return SafeString("".join([node.render_annotated(context) for node in self]))
  File "E:\TEA_Center\venv\lib\site-packages\django\template\base.py", line 961, in render_annotated
    return self.render(context)
  File "E:\TEA_Center\venv\lib\site-packages\django\template\loader_tags.py", line 199, in render
    template = context.template.engine.select_template(template_name)
  File "E:\TEA_Center\venv\lib\site-packages\django\template\engine.py", line 206, in select_template
    return self.get_template(template_name)
  File "E:\TEA_Center\venv\lib\site-packages\django\template\engine.py", line 175, in get_template
    template, origin = self.find_template(template_name)
  File "E:\TEA_Center\venv\lib\site-packages\django\template\engine.py", line 157, in find_template
    template = loader.get_template(name, skip=skip)
  File "E:\TEA_Center\venv\lib\site-packages\django\template\loaders\cached.py", line 57, in get_template
    template = super().get_template(template_name, skip)
  File "E:\TEA_Center\venv\lib\site-packages\django\template\loaders\base.py", line 28, in get_template
    return Template(
  File "E:\TEA_Center\venv\lib\site-packages\django\template\base.py", line 154, in __init__
    self.nodelist = self.compile_nodelist()
  File "E:\TEA_Center\venv\lib\site-packages\django\template\base.py", line 196, in compile_nodelist
    return parser.parse()
  File "E:\TEA_Center\venv\lib\site-packages\django\template\base.py", line 510, in parse
    raise self.error(token, e)
  File "E:\TEA_Center\venv\lib\site-packages\django\template\base.py", line 508, in parse
    compiled_result = compile_func(self, token)
  File "E:\TEA_Center\venv\lib\site-packages\django\template\defaulttags.py", line 1095, in load
    lib = find_library(parser, name)
  File "E:\TEA_Center\venv\lib\site-packages\django\template\defaulttags.py", line 1035, in find_library
    raise TemplateSyntaxError(
django.template.exceptions.TemplateSyntaxError: 'procedure_tags' is not a registered tag library. Must be one of:
admin_list
admin_modify
admin_urls
cache
crispy_forms_field
crispy_forms_filters
crispy_forms_tags
crispy_forms_utils
debugger_tags
django_htmx
highlighting
i18n
indent_text
jazzmin
l10n
log
rest_framework
static
syntax_color
tz
widont
Internal Server Error: /procedimientos/pacientes/
Traceback (most recent call last):
  File "E:\TEA_Center\venv\lib\site-packages\django\template\defaulttags.py", line 1033, in find_library
    return parser.libraries[name]
KeyError: 'procedure_tags'

During handling of the above exception, another exception occurred:

Traceback (most recent call last):
  File "E:\TEA_Center\venv\lib\site-packages\django\core\handlers\exception.py", line 55, in inner
    response = get_response(request)
  File "E:\TEA_Center\venv\lib\site-packages\django\core\handlers\base.py", line 197, in _get_response
    response = wrapped_callback(request, *callback_args, **callback_kwargs)
  File "E:\TEA_Center\venv\lib\site-packages\django\contrib\auth\decorators.py", line 23, in _wrapper_view
    return view_func(request, *args, **kwargs)
  File "E:\TEA_Center\venv\tea_management\apps\procedimientos\views.py", line 60, in paciente_lista
    return render(request, 'procedimientos/paciente_list.html', context)
  File "E:\TEA_Center\venv\lib\site-packages\django\shortcuts.py", line 24, in render
    content = loader.render_to_string(template_name, context, request, using=using)
  File "E:\TEA_Center\venv\lib\site-packages\django\template\loader.py", line 62, in render_to_string
    return template.render(context, request)
  File "E:\TEA_Center\venv\lib\site-packages\django\template\backends\django.py", line 61, in render
    return self.template.render(context)
  File "E:\TEA_Center\venv\lib\site-packages\django\template\base.py", line 171, in render
    return self._render(context)
  File "E:\TEA_Center\venv\lib\site-packages\django\template\base.py", line 163, in _render
    return self.nodelist.render(context)
  File "E:\TEA_Center\venv\lib\site-packages\django\template\base.py", line 1000, in render
    return SafeString("".join([node.render_annotated(context) for node in self]))
  File "E:\TEA_Center\venv\lib\site-packages\django\template\base.py", line 1000, in <listcomp>
    return SafeString("".join([node.render_annotated(context) for node in self]))
  File "E:\TEA_Center\venv\lib\site-packages\django\template\base.py", line 961, in render_annotated
    return self.render(context)
  File "E:\TEA_Center\venv\lib\site-packages\django\template\loader_tags.py", line 159, in render
    return compiled_parent._render(context)
  File "E:\TEA_Center\venv\lib\site-packages\django\template\base.py", line 163, in _render
    return self.nodelist.render(context)
  File "E:\TEA_Center\venv\lib\site-packages\django\template\base.py", line 1000, in render
    return SafeString("".join([node.render_annotated(context) for node in self]))
  File "E:\TEA_Center\venv\lib\site-packages\django\template\base.py", line 1000, in <listcomp>
    return SafeString("".join([node.render_annotated(context) for node in self]))
  File "E:\TEA_Center\venv\lib\site-packages\django\template\base.py", line 961, in render_annotated
    return self.render(context)
  File "E:\TEA_Center\venv\lib\site-packages\django\template\defaulttags.py", line 325, in render
    return nodelist.render(context)
  File "E:\TEA_Center\venv\lib\site-packages\django\template\base.py", line 1000, in render
    return SafeString("".join([node.render_annotated(context) for node in self]))
  File "E:\TEA_Center\venv\lib\site-packages\django\template\base.py", line 1000, in <listcomp>
    return SafeString("".join([node.render_annotated(context) for node in self]))
  File "E:\TEA_Center\venv\lib\site-packages\django\template\base.py", line 961, in render_annotated
    return self.render(context)
  File "E:\TEA_Center\venv\lib\site-packages\django\template\loader_tags.py", line 65, in render
    result = block.nodelist.render(context)
  File "E:\TEA_Center\venv\lib\site-packages\django\template\base.py", line 1000, in render
    return SafeString("".join([node.render_annotated(context) for node in self]))
  File "E:\TEA_Center\venv\lib\site-packages\django\template\base.py", line 1000, in <listcomp>
    return SafeString("".join([node.render_annotated(context) for node in self]))
  File "E:\TEA_Center\venv\lib\site-packages\django\template\base.py", line 961, in render_annotated
    return self.render(context)
  File "E:\TEA_Center\venv\lib\site-packages\django\template\loader_tags.py", line 199, in render
    template = context.template.engine.select_template(template_name)
  File "E:\TEA_Center\venv\lib\site-packages\django\template\engine.py", line 206, in select_template
    return self.get_template(template_name)
  File "E:\TEA_Center\venv\lib\site-packages\django\template\engine.py", line 175, in get_template
    template, origin = self.find_template(template_name)
  File "E:\TEA_Center\venv\lib\site-packages\django\template\engine.py", line 157, in find_template
    template = loader.get_template(name, skip=skip)
  File "E:\TEA_Center\venv\lib\site-packages\django\template\loaders\cached.py", line 57, in get_template
    template = super().get_template(template_name, skip)
  File "E:\TEA_Center\venv\lib\site-packages\django\template\loaders\base.py", line 28, in get_template
    return Template(
  File "E:\TEA_Center\venv\lib\site-packages\django\template\base.py", line 154, in __init__
    self.nodelist = self.compile_nodelist()
  File "E:\TEA_Center\venv\lib\site-packages\django\template\base.py", line 196, in compile_nodelist
    return parser.parse()
  File "E:\TEA_Center\venv\lib\site-packages\django\template\base.py", line 510, in parse
    raise self.error(token, e)
  File "E:\TEA_Center\venv\lib\site-packages\django\template\base.py", line 508, in parse
    compiled_result = compile_func(self, token)
  File "E:\TEA_Center\venv\lib\site-packages\django\template\defaulttags.py", line 1095, in load
    lib = find_library(parser, name)
  File "E:\TEA_Center\venv\lib\site-packages\django\template\defaulttags.py", line 1035, in find_library
    raise TemplateSyntaxError(
django.template.exceptions.TemplateSyntaxError: 'procedure_tags' is not a registered tag library. Must be one of:
admin_list
admin_modify
admin_urls
cache
crispy_forms_field
crispy_forms_filters
crispy_forms_tags
crispy_forms_utils
debugger_tags
django_htmx
highlighting
i18n
indent_text
jazzmin
l10n
log
rest_framework
static
syntax_color
tz
widont
"GET /procedimientos/pacientes/ HTTP/1.1" 500 274756
"GET /procedimientos/pacientes/ HTTP/1.1" 500 274756
Internal Server Error: /procedimientos/
Traceback (most recent call last):
  File "E:\TEA_Center\venv\lib\site-packages\django\core\handlers\exception.py", line 55, in inner
    response = get_response(request)
  File "E:\TEA_Center\venv\lib\site-packages\django\core\handlers\base.py", line 197, in _get_response
    response = wrapped_callback(request, *callback_args, **callback_kwargs)
  File "E:\TEA_Center\venv\lib\site-packages\django\contrib\auth\decorators.py", line 23, in _wrapper_view
    return view_func(request, *args, **kwargs)
  File "E:\TEA_Center\venv\tea_management\apps\procedimientos\views.py", line 318, in procedimiento_lista
    return render(request, 'procedimientos/list.html', context)
  File "E:\TEA_Center\venv\lib\site-packages\django\shortcuts.py", line 24, in render
    content = loader.render_to_string(template_name, context, request, using=using)
  File "E:\TEA_Center\venv\lib\site-packages\django\template\loader.py", line 61, in render_to_string
    template = get_template(template_name, using=using)
  File "E:\TEA_Center\venv\lib\site-packages\django\template\loader.py", line 19, in get_template
    raise TemplateDoesNotExist(template_name, chain=chain)
django.template.exceptions.TemplateDoesNotExist: procedimientos/list.html
Internal Server Error: /procedimientos/
Traceback (most recent call last):
  File "E:\TEA_Center\venv\lib\site-packages\django\core\handlers\exception.py", line 55, in inner
    response = get_response(request)
  File "E:\TEA_Center\venv\lib\site-packages\django\core\handlers\base.py", line 197, in _get_response
    response = wrapped_callback(request, *callback_args, **callback_kwargs)
  File "E:\TEA_Center\venv\lib\site-packages\django\contrib\auth\decorators.py", line 23, in _wrapper_view
    return view_func(request, *args, **kwargs)
  File "E:\TEA_Center\venv\tea_management\apps\procedimientos\views.py", line 318, in procedimiento_lista
    return render(request, 'procedimientos/list.html', context)
  File "E:\TEA_Center\venv\lib\site-packages\django\shortcuts.py", line 24, in render
    content = loader.render_to_string(template_name, context, request, using=using)
  File "E:\TEA_Center\venv\lib\site-packages\django\template\loader.py", line 61, in render_to_string
    template = get_template(template_name, using=using)
  File "E:\TEA_Center\venv\lib\site-packages\django\template\loader.py", line 19, in get_template
    raise TemplateDoesNotExist(template_name, chain=chain)
django.template.exceptions.TemplateDoesNotExist: procedimientos/list.html
"GET /procedimientos/ HTTP/1.1" 500 95275
"GET /procedimientos/ HTTP/1.1" 500 95275
E:\TEA_Center\venv\tea_management\apps\procedimientos\urls.py changed, reloading.
E:\TEA_Center\venv\tea_management\apps\procedimientos\urls.py changed, reloading.
Watching for file changes with StatReloader
Watching for file changes with StatReloader
Watching for file changes with StatReloader
Watching for file changes with StatReloader
"GET / HTTP/1.1" 200 11903
"GET / HTTP/1.1" 200 11903
"GET /static/img/logo.png HTTP/1.1" 304 0
"GET /static/img/logo.png HTTP/1.1" 304 0
Not Found: /favicon.ico
Not Found: /favicon.ico
"GET /favicon.ico HTTP/1.1" 404 5487
"GET /favicon.ico HTTP/1.1" 404 5487
"GET /procedimientos/pacientes/ HTTP/1.1" 200 12139
"GET /procedimientos/pacientes/ HTTP/1.1" 200 12139
"GET /procedimientos/pacientes/crear/ HTTP/1.1" 200 15769
"GET /procedimientos/pacientes/crear/ HTTP/1.1" 200 15769
"GET /procedimientos/ HTTP/1.1" 200 7936
"GET /procedimientos/ HTTP/1.1" 200 7936
"GET /procedimientos/crear/ HTTP/1.1" 200 10864
"GET /procedimientos/crear/ HTTP/1.1" 200 10864
"GET /terapias/ HTTP/1.1" 200 13065
"GET /terapias/ HTTP/1.1" 200 13065
Internal Server Error: /terapias/crear/
Traceback (most recent call last):
  File "E:\TEA_Center\venv\lib\site-packages\django\core\handlers\exception.py", line 55, in inner
    response = get_response(request)
  File "E:\TEA_Center\venv\lib\site-packages\django\core\handlers\base.py", line 197, in _get_response
    response = wrapped_callback(request, *callback_args, **callback_kwargs)
  File "E:\TEA_Center\venv\lib\site-packages\django\contrib\auth\decorators.py", line 23, in _wrapper_view
    return view_func(request, *args, **kwargs)
  File "E:\TEA_Center\venv\tea_management\apps\terapias\views.py", line 155, in terapia_create
    return render(request, 'terapias/terapia_form.html', {
  File "E:\TEA_Center\venv\lib\site-packages\django\shortcuts.py", line 24, in render
    content = loader.render_to_string(template_name, context, request, using=using)
  File "E:\TEA_Center\venv\lib\site-packages\django\template\loader.py", line 62, in render_to_string
    return template.render(context, request)
  File "E:\TEA_Center\venv\lib\site-packages\django\template\backends\django.py", line 61, in render
    return self.template.render(context)
  File "E:\TEA_Center\venv\lib\site-packages\django\template\base.py", line 171, in render
    return self._render(context)
  File "E:\TEA_Center\venv\lib\site-packages\django\template\base.py", line 163, in _render
    return self.nodelist.render(context)
  File "E:\TEA_Center\venv\lib\site-packages\django\template\base.py", line 1000, in render
    return SafeString("".join([node.render_annotated(context) for node in self]))
  File "E:\TEA_Center\venv\lib\site-packages\django\template\base.py", line 1000, in <listcomp>
    return SafeString("".join([node.render_annotated(context) for node in self]))
  File "E:\TEA_Center\venv\lib\site-packages\django\template\base.py", line 961, in render_annotated
    return self.render(context)
  File "E:\TEA_Center\venv\lib\site-packages\django\template\loader_tags.py", line 159, in render
    return compiled_parent._render(context)
  File "E:\TEA_Center\venv\lib\site-packages\django\template\base.py", line 163, in _render
    return self.nodelist.render(context)
  File "E:\TEA_Center\venv\lib\site-packages\django\template\base.py", line 1000, in render
    return SafeString("".join([node.render_annotated(context) for node in self]))
  File "E:\TEA_Center\venv\lib\site-packages\django\template\base.py", line 1000, in <listcomp>
    return SafeString("".join([node.render_annotated(context) for node in self]))
  File "E:\TEA_Center\venv\lib\site-packages\django\template\base.py", line 961, in render_annotated
    return self.render(context)
  File "E:\TEA_Center\venv\lib\site-packages\django\template\defaulttags.py", line 325, in render
    return nodelist.render(context)
  File "E:\TEA_Center\venv\lib\site-packages\django\template\base.py", line 1000, in render
    return SafeString("".join([node.render_annotated(context) for node in self]))
  File "E:\TEA_Center\venv\lib\site-packages\django\template\base.py", line 1000, in <listcomp>
    return SafeString("".join([node.render_annotated(context) for node in self]))
  File "E:\TEA_Center\venv\lib\site-packages\django\template\base.py", line 961, in render_annotated
    return self.render(context)
  File "E:\TEA_Center\venv\lib\site-packages\django\template\loader_tags.py", line 65, in render
    result = block.nodelist.render(context)
  File "E:\TEA_Center\venv\lib\site-packages\django\template\base.py", line 1000, in render
    return SafeString("".join([node.render_annotated(context) for node in self]))
  File "E:\TEA_Center\venv\lib\site-packages\django\template\base.py", line 1000, in <listcomp>
    return SafeString("".join([node.render_annotated(context) for node in self]))
  File "E:\TEA_Center\venv\lib\site-packages\django\template\base.py", line 961, in render_annotated
    return self.render(context)
  File "E:\TEA_Center\venv\lib\site-packages\django\template\defaulttags.py", line 325, in render
    return nodelist.render(context)
  File "E:\TEA_Center\venv\lib\site-packages\django\template\base.py", line 1000, in render
    return SafeString("".join([node.render_annotated(context) for node in self]))
  File "E:\TEA_Center\venv\lib\site-packages\django\template\base.py", line 1000, in <listcomp>
    return SafeString("".join([node.render_annotated(context) for node in self]))
  File "E:\TEA_Center\venv\lib\site-packages\django\template\base.py", line 961, in render_annotated
    return self.render(context)
  File "E:\TEA_Center\venv\lib\site-packages\django\template\defaulttags.py", line 478, in render
    url = reverse(view_name, args=args, kwargs=kwargs, current_app=current_app)
  File "E:\TEA_Center\venv\lib\site-packages\django\urls\base.py", line 88, in reverse
    return resolver._reverse_with_prefix(view, prefix, *args, **kwargs)
  File "E:\TEA_Center\venv\lib\site-packages\django\urls\resolvers.py", line 848, in _reverse_with_prefix
    raise NoReverseMatch(msg)
django.urls.exceptions.NoReverseMatch: Reverse for 'terapia_list' not found. 'terapia_list' is not a valid view function or pattern name.
Internal Server Error: /terapias/crear/
Traceback (most recent call last):
  File "E:\TEA_Center\venv\lib\site-packages\django\core\handlers\exception.py", line 55, in inner
    response = get_response(request)
  File "E:\TEA_Center\venv\lib\site-packages\django\core\handlers\base.py", line 197, in _get_response
    response = wrapped_callback(request, *callback_args, **callback_kwargs)
  File "E:\TEA_Center\venv\lib\site-packages\django\contrib\auth\decorators.py", line 23, in _wrapper_view
    return view_func(request, *args, **kwargs)
  File "E:\TEA_Center\venv\tea_management\apps\terapias\views.py", line 155, in terapia_create
    return render(request, 'terapias/terapia_form.html', {
  File "E:\TEA_Center\venv\lib\site-packages\django\shortcuts.py", line 24, in render
    content = loader.render_to_string(template_name, context, request, using=using)
  File "E:\TEA_Center\venv\lib\site-packages\django\template\loader.py", line 62, in render_to_string
    return template.render(context, request)
  File "E:\TEA_Center\venv\lib\site-packages\django\template\backends\django.py", line 61, in render
    return self.template.render(context)
  File "E:\TEA_Center\venv\lib\site-packages\django\template\base.py", line 171, in render
    return self._render(context)
  File "E:\TEA_Center\venv\lib\site-packages\django\template\base.py", line 163, in _render
    return self.nodelist.render(context)
  File "E:\TEA_Center\venv\lib\site-packages\django\template\base.py", line 1000, in render
    return SafeString("".join([node.render_annotated(context) for node in self]))
  File "E:\TEA_Center\venv\lib\site-packages\django\template\base.py", line 1000, in <listcomp>
    return SafeString("".join([node.render_annotated(context) for node in self]))
  File "E:\TEA_Center\venv\lib\site-packages\django\template\base.py", line 961, in render_annotated
    return self.render(context)
  File "E:\TEA_Center\venv\lib\site-packages\django\template\loader_tags.py", line 159, in render
    return compiled_parent._render(context)
  File "E:\TEA_Center\venv\lib\site-packages\django\template\base.py", line 163, in _render
    return self.nodelist.render(context)
  File "E:\TEA_Center\venv\lib\site-packages\django\template\base.py", line 1000, in render
    return SafeString("".join([node.render_annotated(context) for node in self]))
  File "E:\TEA_Center\venv\lib\site-packages\django\template\base.py", line 1000, in <listcomp>
    return SafeString("".join([node.render_annotated(context) for node in self]))
  File "E:\TEA_Center\venv\lib\site-packages\django\template\base.py", line 961, in render_annotated
    return self.render(context)
  File "E:\TEA_Center\venv\lib\site-packages\django\template\defaulttags.py", line 325, in render
    return nodelist.render(context)
  File "E:\TEA_Center\venv\lib\site-packages\django\template\base.py", line 1000, in render
    return SafeString("".join([node.render_annotated(context) for node in self]))
  File "E:\TEA_Center\venv\lib\site-packages\django\template\base.py", line 1000, in <listcomp>
    return SafeString("".join([node.render_annotated(context) for node in self]))
  File "E:\TEA_Center\venv\lib\site-packages\django\template\base.py", line 961, in render_annotated
    return self.render(context)
  File "E:\TEA_Center\venv\lib\site-packages\django\template\loader_tags.py", line 65, in render
    result = block.nodelist.render(context)
  File "E:\TEA_Center\venv\lib\site-packages\django\template\base.py", line 1000, in render
    return SafeString("".join([node.render_annotated(context) for node in self]))
  File "E:\TEA_Center\venv\lib\site-packages\django\template\base.py", line 1000, in <listcomp>
    return SafeString("".join([node.render_annotated(context) for node in self]))
  File "E:\TEA_Center\venv\lib\site-packages\django\template\base.py", line 961, in render_annotated
    return self.render(context)
  File "E:\TEA_Center\venv\lib\site-packages\django\template\defaulttags.py", line 325, in render
    return nodelist.render(context)
  File "E:\TEA_Center\venv\lib\site-packages\django\template\base.py", line 1000, in render
    return SafeString("".join([node.render_annotated(context) for node in self]))
  File "E:\TEA_Center\venv\lib\site-packages\django\template\base.py", line 1000, in <listcomp>
    return SafeString("".join([node.render_annotated(context) for node in self]))
  File "E:\TEA_Center\venv\lib\site-packages\django\template\base.py", line 961, in render_annotated
    return self.render(context)
  File "E:\TEA_Center\venv\lib\site-packages\django\template\defaulttags.py", line 478, in render
    url = reverse(view_name, args=args, kwargs=kwargs, current_app=current_app)
  File "E:\TEA_Center\venv\lib\site-packages\django\urls\base.py", line 88, in reverse
    return resolver._reverse_with_prefix(view, prefix, *args, **kwargs)
  File "E:\TEA_Center\venv\lib\site-packages\django\urls\resolvers.py", line 848, in _reverse_with_prefix
    raise NoReverseMatch(msg)
django.urls.exceptions.NoReverseMatch: Reverse for 'terapia_list' not found. 'terapia_list' is not a valid view function or pattern name.
"GET /terapias/crear/ HTTP/1.1" 500 234046
"GET /terapias/crear/ HTTP/1.1" 500 234046
"GET /consultorios/ HTTP/1.1" 200 15644
"GET /consultorios/ HTTP/1.1" 200 15644
Internal Server Error: /consultorios/crear/
Traceback (most recent call last):
  File "E:\TEA_Center\venv\lib\site-packages\django\core\handlers\exception.py", line 55, in inner
    response = get_response(request)
  File "E:\TEA_Center\venv\lib\site-packages\django\core\handlers\base.py", line 197, in _get_response
    response = wrapped_callback(request, *callback_args, **callback_kwargs)
  File "E:\TEA_Center\venv\lib\site-packages\django\contrib\auth\decorators.py", line 23, in _wrapper_view
    return view_func(request, *args, **kwargs)
  File "E:\TEA_Center\venv\tea_management\apps\consultorios\views.py", line 121, in consultorio_create
    return render(request, 'consultorios/consultorio_form.html', {
  File "E:\TEA_Center\venv\lib\site-packages\django\shortcuts.py", line 24, in render
    content = loader.render_to_string(template_name, context, request, using=using)
  File "E:\TEA_Center\venv\lib\site-packages\django\template\loader.py", line 62, in render_to_string
    return template.render(context, request)
  File "E:\TEA_Center\venv\lib\site-packages\django\template\backends\django.py", line 61, in render
    return self.template.render(context)
  File "E:\TEA_Center\venv\lib\site-packages\django\template\base.py", line 171, in render
    return self._render(context)
  File "E:\TEA_Center\venv\lib\site-packages\django\template\base.py", line 163, in _render
    return self.nodelist.render(context)
  File "E:\TEA_Center\venv\lib\site-packages\django\template\base.py", line 1000, in render
    return SafeString("".join([node.render_annotated(context) for node in self]))
  File "E:\TEA_Center\venv\lib\site-packages\django\template\base.py", line 1000, in <listcomp>
    return SafeString("".join([node.render_annotated(context) for node in self]))
  File "E:\TEA_Center\venv\lib\site-packages\django\template\base.py", line 961, in render_annotated
    return self.render(context)
  File "E:\TEA_Center\venv\lib\site-packages\django\template\loader_tags.py", line 159, in render
    return compiled_parent._render(context)
  File "E:\TEA_Center\venv\lib\site-packages\django\template\base.py", line 163, in _render
    return self.nodelist.render(context)
  File "E:\TEA_Center\venv\lib\site-packages\django\template\base.py", line 1000, in render
    return SafeString("".join([node.render_annotated(context) for node in self]))
  File "E:\TEA_Center\venv\lib\site-packages\django\template\base.py", line 1000, in <listcomp>
    return SafeString("".join([node.render_annotated(context) for node in self]))
  File "E:\TEA_Center\venv\lib\site-packages\django\template\base.py", line 961, in render_annotated
    return self.render(context)
  File "E:\TEA_Center\venv\lib\site-packages\django\template\defaulttags.py", line 325, in render
    return nodelist.render(context)
  File "E:\TEA_Center\venv\lib\site-packages\django\template\base.py", line 1000, in render
    return SafeString("".join([node.render_annotated(context) for node in self]))
  File "E:\TEA_Center\venv\lib\site-packages\django\template\base.py", line 1000, in <listcomp>
    return SafeString("".join([node.render_annotated(context) for node in self]))
  File "E:\TEA_Center\venv\lib\site-packages\django\template\base.py", line 961, in render_annotated
    return self.render(context)
  File "E:\TEA_Center\venv\lib\site-packages\django\template\loader_tags.py", line 65, in render
    result = block.nodelist.render(context)
  File "E:\TEA_Center\venv\lib\site-packages\django\template\base.py", line 1000, in render
    return SafeString("".join([node.render_annotated(context) for node in self]))
  File "E:\TEA_Center\venv\lib\site-packages\django\template\base.py", line 1000, in <listcomp>
    return SafeString("".join([node.render_annotated(context) for node in self]))
  File "E:\TEA_Center\venv\lib\site-packages\django\template\base.py", line 961, in render_annotated
    return self.render(context)
  File "E:\TEA_Center\venv\lib\site-packages\django\template\defaulttags.py", line 325, in render
    return nodelist.render(context)
  File "E:\TEA_Center\venv\lib\site-packages\django\template\base.py", line 1000, in render
    return SafeString("".join([node.render_annotated(context) for node in self]))
  File "E:\TEA_Center\venv\lib\site-packages\django\template\base.py", line 1000, in <listcomp>
    return SafeString("".join([node.render_annotated(context) for node in self]))
  File "E:\TEA_Center\venv\lib\site-packages\django\template\base.py", line 961, in render_annotated
    return self.render(context)
  File "E:\TEA_Center\venv\lib\site-packages\django\template\defaulttags.py", line 478, in render
    url = reverse(view_name, args=args, kwargs=kwargs, current_app=current_app)
  File "E:\TEA_Center\venv\lib\site-packages\django\urls\base.py", line 88, in reverse
    return resolver._reverse_with_prefix(view, prefix, *args, **kwargs)
  File "E:\TEA_Center\venv\lib\site-packages\django\urls\resolvers.py", line 848, in _reverse_with_prefix
    raise NoReverseMatch(msg)
django.urls.exceptions.NoReverseMatch: Reverse for 'consultorio_list' not found. 'consultorio_list' is not a valid view function or pattern name.
Internal Server Error: /consultorios/crear/
Traceback (most recent call last):
  File "E:\TEA_Center\venv\lib\site-packages\django\core\handlers\exception.py", line 55, in inner
    response = get_response(request)
  File "E:\TEA_Center\venv\lib\site-packages\django\core\handlers\base.py", line 197, in _get_response
    response = wrapped_callback(request, *callback_args, **callback_kwargs)
  File "E:\TEA_Center\venv\lib\site-packages\django\contrib\auth\decorators.py", line 23, in _wrapper_view
    return view_func(request, *args, **kwargs)
  File "E:\TEA_Center\venv\tea_management\apps\consultorios\views.py", line 121, in consultorio_create
    return render(request, 'consultorios/consultorio_form.html', {
  File "E:\TEA_Center\venv\lib\site-packages\django\shortcuts.py", line 24, in render
    content = loader.render_to_string(template_name, context, request, using=using)
  File "E:\TEA_Center\venv\lib\site-packages\django\template\loader.py", line 62, in render_to_string
    return template.render(context, request)
  File "E:\TEA_Center\venv\lib\site-packages\django\template\backends\django.py", line 61, in render
    return self.template.render(context)
  File "E:\TEA_Center\venv\lib\site-packages\django\template\base.py", line 171, in render
    return self._render(context)
  File "E:\TEA_Center\venv\lib\site-packages\django\template\base.py", line 163, in _render
    return self.nodelist.render(context)
  File "E:\TEA_Center\venv\lib\site-packages\django\template\base.py", line 1000, in render
    return SafeString("".join([node.render_annotated(context) for node in self]))
  File "E:\TEA_Center\venv\lib\site-packages\django\template\base.py", line 1000, in <listcomp>
    return SafeString("".join([node.render_annotated(context) for node in self]))
  File "E:\TEA_Center\venv\lib\site-packages\django\template\base.py", line 961, in render_annotated
    return self.render(context)
  File "E:\TEA_Center\venv\lib\site-packages\django\template\loader_tags.py", line 159, in render
    return compiled_parent._render(context)
  File "E:\TEA_Center\venv\lib\site-packages\django\template\base.py", line 163, in _render
    return self.nodelist.render(context)
  File "E:\TEA_Center\venv\lib\site-packages\django\template\base.py", line 1000, in render
    return SafeString("".join([node.render_annotated(context) for node in self]))
  File "E:\TEA_Center\venv\lib\site-packages\django\template\base.py", line 1000, in <listcomp>
    return SafeString("".join([node.render_annotated(context) for node in self]))
  File "E:\TEA_Center\venv\lib\site-packages\django\template\base.py", line 961, in render_annotated
    return self.render(context)
  File "E:\TEA_Center\venv\lib\site-packages\django\template\defaulttags.py", line 325, in render
    return nodelist.render(context)
  File "E:\TEA_Center\venv\lib\site-packages\django\template\base.py", line 1000, in render
    return SafeString("".join([node.render_annotated(context) for node in self]))
  File "E:\TEA_Center\venv\lib\site-packages\django\template\base.py", line 1000, in <listcomp>
    return SafeString("".join([node.render_annotated(context) for node in self]))
  File "E:\TEA_Center\venv\lib\site-packages\django\template\base.py", line 961, in render_annotated
    return self.render(context)
  File "E:\TEA_Center\venv\lib\site-packages\django\template\loader_tags.py", line 65, in render
    result = block.nodelist.render(context)
  File "E:\TEA_Center\venv\lib\site-packages\django\template\base.py", line 1000, in render
    return SafeString("".join([node.render_annotated(context) for node in self]))
  File "E:\TEA_Center\venv\lib\site-packages\django\template\base.py", line 1000, in <listcomp>
    return SafeString("".join([node.render_annotated(context) for node in self]))
  File "E:\TEA_Center\venv\lib\site-packages\django\template\base.py", line 961, in render_annotated
    return self.render(context)
  File "E:\TEA_Center\venv\lib\site-packages\django\template\defaulttags.py", line 325, in render
    return nodelist.render(context)
  File "E:\TEA_Center\venv\lib\site-packages\django\template\base.py", line 1000, in render
    return SafeString("".join([node.render_annotated(context) for node in self]))
  File "E:\TEA_Center\venv\lib\site-packages\django\template\base.py", line 1000, in <listcomp>
    return SafeString("".join([node.render_annotated(context) for node in self]))
  File "E:\TEA_Center\venv\lib\site-packages\django\template\base.py", line 961, in render_annotated
    return self.render(context)
  File "E:\TEA_Center\venv\lib\site-packages\django\template\defaulttags.py", line 478, in render
    url = reverse(view_name, args=args, kwargs=kwargs, current_app=current_app)
  File "E:\TEA_Center\venv\lib\site-packages\django\urls\base.py", line 88, in reverse
    return resolver._reverse_with_prefix(view, prefix, *args, **kwargs)
  File "E:\TEA_Center\venv\lib\site-packages\django\urls\resolvers.py", line 848, in _reverse_with_prefix
    raise NoReverseMatch(msg)
django.urls.exceptions.NoReverseMatch: Reverse for 'consultorio_list' not found. 'consultorio_list' is not a valid view function or pattern name.
"GET /consultorios/crear/ HTTP/1.1" 500 225134
"GET /consultorios/crear/ HTTP/1.1" 500 225134
"GET /terapias/ HTTP/1.1" 200 13065
"GET /terapias/ HTTP/1.1" 200 13065
"GET /procedimientos/pacientes/ HTTP/1.1" 200 12139
"GET /procedimientos/pacientes/ HTTP/1.1" 200 12139
"GET /procedimientos/pacientes/1/ HTTP/1.1" 200 10727
"GET /procedimientos/pacientes/1/ HTTP/1.1" 200 10727
"GET /procedimientos/pacientes/ HTTP/1.1" 200 12139
"GET /procedimientos/pacientes/ HTTP/1.1" 200 12139
"GET /terapias/ HTTP/1.1" 200 13065
"GET /terapias/ HTTP/1.1" 200 13065
"GET /consultorios/ HTTP/1.1" 200 15644
"GET /consultorios/ HTTP/1.1" 200 15644
"GET /consultorios/1/ HTTP/1.1" 200 9377
"GET /consultorios/1/ HTTP/1.1" 200 9377
"GET /admin/ HTTP/1.1" 200 35580
"GET /admin/ HTTP/1.1" 200 35580
"GET /admin/auth/group/ HTTP/1.1" 200 18694
"GET /admin/auth/group/ HTTP/1.1" 200 18694
"GET /static/vendor/select2/css/select2.min.css HTTP/1.1" 200 16264
"GET /static/vendor/select2/css/select2.min.css HTTP/1.1" 200 16264
"GET /static/admin/js/jquery.init.js HTTP/1.1" 200 347
"GET /static/admin/js/urlify.js HTTP/1.1" 200 7887
"GET /admin/jsi18n/ HTTP/1.1" 200 9110
"GET /static/admin/js/jquery.init.js HTTP/1.1" 200 347
"GET /static/admin/js/urlify.js HTTP/1.1" 200 7887
"GET /admin/jsi18n/ HTTP/1.1" 200 9110
"GET /static/admin/js/core.js HTTP/1.1" 200 6208
"GET /static/admin/js/core.js HTTP/1.1" 200 6208
"GET /static/admin/js/prepopulate.js HTTP/1.1" 200 1531
"GET /static/admin/js/prepopulate.js HTTP/1.1" 200 1531
"GET /static/admin/js/admin/RelatedObjectLookups.js HTTP/1.1" 200 9042
"GET /static/admin/js/admin/RelatedObjectLookups.js HTTP/1.1" 200 9042
"GET /static/admin/js/actions.js HTTP/1.1" 200 8067
"GET /static/admin/js/actions.js HTTP/1.1" 200 8067
"GET /static/jazzmin/js/change_list.js HTTP/1.1" 200 2252
"GET /static/jazzmin/js/change_list.js HTTP/1.1" 200 2252
"GET /static/vendor/select2/js/select2.min.js HTTP/1.1" 200 73170
"GET /static/vendor/select2/js/select2.min.js HTTP/1.1" 200 73170
"GET /static/admin/js/vendor/xregexp/xregexp.js HTTP/1.1" 200 325171
"GET /static/admin/js/vendor/xregexp/xregexp.js HTTP/1.1" 200 325171
"GET /admin/terapias/categoriaterapia/ HTTP/1.1" 200 27613
"GET /admin/terapias/categoriaterapia/ HTTP/1.1" 200 27613
"GET /admin/jsi18n/ HTTP/1.1" 200 9110
"GET /admin/jsi18n/ HTTP/1.1" 200 9110
"GET /static/admin/img/icon-yes.svg HTTP/1.1" 200 436
"GET /static/admin/img/icon-yes.svg HTTP/1.1" 200 436
Internal Server Error: /admin/terapias/terapia/
Traceback (most recent call last):
  File "E:\TEA_Center\venv\lib\site-packages\django\core\handlers\exception.py", line 55, in inner
    response = get_response(request)
  File "E:\TEA_Center\venv\lib\site-packages\django\core\handlers\base.py", line 220, in _get_response
    response = response.render()
  File "E:\TEA_Center\venv\lib\site-packages\django\template\response.py", line 114, in render
    self.content = self.rendered_content
  File "E:\TEA_Center\venv\lib\site-packages\django\template\response.py", line 92, in rendered_content
    return template.render(context, self._request)
  File "E:\TEA_Center\venv\lib\site-packages\django\template\backends\django.py", line 61, in render
    return self.template.render(context)
  File "E:\TEA_Center\venv\lib\site-packages\django\template\base.py", line 171, in render
    return self._render(context)
  File "E:\TEA_Center\venv\lib\site-packages\django\template\base.py", line 163, in _render
    return self.nodelist.render(context)
  File "E:\TEA_Center\venv\lib\site-packages\django\template\base.py", line 1000, in render
    return SafeString("".join([node.render_annotated(context) for node in self]))
  File "E:\TEA_Center\venv\lib\site-packages\django\template\base.py", line 1000, in <listcomp>
    return SafeString("".join([node.render_annotated(context) for node in self]))
  File "E:\TEA_Center\venv\lib\site-packages\django\template\base.py", line 961, in render_annotated
    return self.render(context)
  File "E:\TEA_Center\venv\lib\site-packages\django\template\loader_tags.py", line 159, in render
    return compiled_parent._render(context)
  File "E:\TEA_Center\venv\lib\site-packages\django\template\base.py", line 163, in _render
    return self.nodelist.render(context)
  File "E:\TEA_Center\venv\lib\site-packages\django\template\base.py", line 1000, in render
    return SafeString("".join([node.render_annotated(context) for node in self]))
  File "E:\TEA_Center\venv\lib\site-packages\django\template\base.py", line 1000, in <listcomp>
    return SafeString("".join([node.render_annotated(context) for node in self]))
  File "E:\TEA_Center\venv\lib\site-packages\django\template\base.py", line 961, in render_annotated
    return self.render(context)
  File "E:\TEA_Center\venv\lib\site-packages\django\template\loader_tags.py", line 159, in render
    return compiled_parent._render(context)
  File "E:\TEA_Center\venv\lib\site-packages\django\template\base.py", line 163, in _render
    return self.nodelist.render(context)
  File "E:\TEA_Center\venv\lib\site-packages\django\template\base.py", line 1000, in render
    return SafeString("".join([node.render_annotated(context) for node in self]))
  File "E:\TEA_Center\venv\lib\site-packages\django\template\base.py", line 1000, in <listcomp>
    return SafeString("".join([node.render_annotated(context) for node in self]))
  File "E:\TEA_Center\venv\lib\site-packages\django\template\base.py", line 961, in render_annotated
    return self.render(context)
  File "E:\TEA_Center\venv\lib\site-packages\django\template\loader_tags.py", line 65, in render
    result = block.nodelist.render(context)
  File "E:\TEA_Center\venv\lib\site-packages\django\template\base.py", line 1000, in render
    return SafeString("".join([node.render_annotated(context) for node in self]))
  File "E:\TEA_Center\venv\lib\site-packages\django\template\base.py", line 1000, in <listcomp>
    return SafeString("".join([node.render_annotated(context) for node in self]))
  File "E:\TEA_Center\venv\lib\site-packages\django\template\base.py", line 961, in render_annotated
    return self.render(context)
  File "E:\TEA_Center\venv\lib\site-packages\django\template\loader_tags.py", line 65, in render
    result = block.nodelist.render(context)
  File "E:\TEA_Center\venv\lib\site-packages\django\template\base.py", line 1000, in render
    return SafeString("".join([node.render_annotated(context) for node in self]))
  File "E:\TEA_Center\venv\lib\site-packages\django\template\base.py", line 1000, in <listcomp>
    return SafeString("".join([node.render_annotated(context) for node in self]))
  File "E:\TEA_Center\venv\lib\site-packages\django\template\base.py", line 961, in render_annotated
    return self.render(context)
  File "E:\TEA_Center\venv\lib\site-packages\django\template\loader_tags.py", line 65, in render
    result = block.nodelist.render(context)
  File "E:\TEA_Center\venv\lib\site-packages\django\template\base.py", line 1000, in render
    return SafeString("".join([node.render_annotated(context) for node in self]))
  File "E:\TEA_Center\venv\lib\site-packages\django\template\base.py", line 1000, in <listcomp>
    return SafeString("".join([node.render_annotated(context) for node in self]))
  File "E:\TEA_Center\venv\lib\site-packages\django\template\base.py", line 961, in render_annotated
    return self.render(context)
  File "E:\TEA_Center\venv\lib\site-packages\django\template\defaulttags.py", line 325, in render
    return nodelist.render(context)
  File "E:\TEA_Center\venv\lib\site-packages\django\template\base.py", line 1000, in render
    return SafeString("".join([node.render_annotated(context) for node in self]))
  File "E:\TEA_Center\venv\lib\site-packages\django\template\base.py", line 1000, in <listcomp>
    return SafeString("".join([node.render_annotated(context) for node in self]))
  File "E:\TEA_Center\venv\lib\site-packages\django\template\base.py", line 961, in render_annotated
    return self.render(context)
  File "E:\TEA_Center\venv\lib\site-packages\django\contrib\admin\templatetags\base.py", line 45, in render
    return super().render(context)
  File "E:\TEA_Center\venv\lib\site-packages\django\template\library.py", line 258, in render
    _dict = self.func(*resolved_args, **resolved_kwargs)
  File "E:\TEA_Center\venv\lib\site-packages\django\contrib\admin\templatetags\admin_list.py", line 416, in date_hierarchy
    "choices": [
  File "E:\TEA_Center\venv\lib\site-packages\django\db\models\query.py", line 398, in __iter__
    self._fetch_all()
  File "E:\TEA_Center\venv\lib\site-packages\django\db\models\query.py", line 1926, in _fetch_all
    self._result_cache = list(self._iterable_class(self))
  File "E:\TEA_Center\venv\lib\site-packages\django\db\models\query.py", line 285, in __iter__
    for row in compiler.results_iter(
  File "E:\TEA_Center\venv\lib\site-packages\django\db\models\sql\compiler.py", line 1500, in apply_converters
    value = converter(value, expression, connection)
  File "E:\TEA_Center\venv\lib\site-packages\django\db\models\functions\datetime.py", line 349, in convert_value
    raise ValueError(
ValueError: Database returned an invalid datetime value. Are time zone definitions for your database installed?
Internal Server Error: /admin/terapias/terapia/
Traceback (most recent call last):
  File "E:\TEA_Center\venv\lib\site-packages\django\core\handlers\exception.py", line 55, in inner
    response = get_response(request)
  File "E:\TEA_Center\venv\lib\site-packages\django\core\handlers\base.py", line 220, in _get_response
    response = response.render()
  File "E:\TEA_Center\venv\lib\site-packages\django\template\response.py", line 114, in render
    self.content = self.rendered_content
  File "E:\TEA_Center\venv\lib\site-packages\django\template\response.py", line 92, in rendered_content
    return template.render(context, self._request)
  File "E:\TEA_Center\venv\lib\site-packages\django\template\backends\django.py", line 61, in render
    return self.template.render(context)
  File "E:\TEA_Center\venv\lib\site-packages\django\template\base.py", line 171, in render
    return self._render(context)
  File "E:\TEA_Center\venv\lib\site-packages\django\template\base.py", line 163, in _render
    return self.nodelist.render(context)
  File "E:\TEA_Center\venv\lib\site-packages\django\template\base.py", line 1000, in render
    return SafeString("".join([node.render_annotated(context) for node in self]))
  File "E:\TEA_Center\venv\lib\site-packages\django\template\base.py", line 1000, in <listcomp>
    return SafeString("".join([node.render_annotated(context) for node in self]))
  File "E:\TEA_Center\venv\lib\site-packages\django\template\base.py", line 961, in render_annotated
    return self.render(context)
  File "E:\TEA_Center\venv\lib\site-packages\django\template\loader_tags.py", line 159, in render
    return compiled_parent._render(context)
  File "E:\TEA_Center\venv\lib\site-packages\django\template\base.py", line 163, in _render
    return self.nodelist.render(context)
  File "E:\TEA_Center\venv\lib\site-packages\django\template\base.py", line 1000, in render
    return SafeString("".join([node.render_annotated(context) for node in self]))
  File "E:\TEA_Center\venv\lib\site-packages\django\template\base.py", line 1000, in <listcomp>
    return SafeString("".join([node.render_annotated(context) for node in self]))
  File "E:\TEA_Center\venv\lib\site-packages\django\template\base.py", line 961, in render_annotated
    return self.render(context)
  File "E:\TEA_Center\venv\lib\site-packages\django\template\loader_tags.py", line 159, in render
    return compiled_parent._render(context)
  File "E:\TEA_Center\venv\lib\site-packages\django\template\base.py", line 163, in _render
    return self.nodelist.render(context)
  File "E:\TEA_Center\venv\lib\site-packages\django\template\base.py", line 1000, in render
    return SafeString("".join([node.render_annotated(context) for node in self]))
  File "E:\TEA_Center\venv\lib\site-packages\django\template\base.py", line 1000, in <listcomp>
    return SafeString("".join([node.render_annotated(context) for node in self]))
  File "E:\TEA_Center\venv\lib\site-packages\django\template\base.py", line 961, in render_annotated
    return self.render(context)
  File "E:\TEA_Center\venv\lib\site-packages\django\template\loader_tags.py", line 65, in render
    result = block.nodelist.render(context)
  File "E:\TEA_Center\venv\lib\site-packages\django\template\base.py", line 1000, in render
    return SafeString("".join([node.render_annotated(context) for node in self]))
  File "E:\TEA_Center\venv\lib\site-packages\django\template\base.py", line 1000, in <listcomp>
    return SafeString("".join([node.render_annotated(context) for node in self]))
  File "E:\TEA_Center\venv\lib\site-packages\django\template\base.py", line 961, in render_annotated
    return self.render(context)
  File "E:\TEA_Center\venv\lib\site-packages\django\template\loader_tags.py", line 65, in render
    result = block.nodelist.render(context)
  File "E:\TEA_Center\venv\lib\site-packages\django\template\base.py", line 1000, in render
    return SafeString("".join([node.render_annotated(context) for node in self]))
  File "E:\TEA_Center\venv\lib\site-packages\django\template\base.py", line 1000, in <listcomp>
    return SafeString("".join([node.render_annotated(context) for node in self]))
  File "E:\TEA_Center\venv\lib\site-packages\django\template\base.py", line 961, in render_annotated
    return self.render(context)
  File "E:\TEA_Center\venv\lib\site-packages\django\template\loader_tags.py", line 65, in render
    result = block.nodelist.render(context)
  File "E:\TEA_Center\venv\lib\site-packages\django\template\base.py", line 1000, in render
    return SafeString("".join([node.render_annotated(context) for node in self]))
  File "E:\TEA_Center\venv\lib\site-packages\django\template\base.py", line 1000, in <listcomp>
    return SafeString("".join([node.render_annotated(context) for node in self]))
  File "E:\TEA_Center\venv\lib\site-packages\django\template\base.py", line 961, in render_annotated
    return self.render(context)
  File "E:\TEA_Center\venv\lib\site-packages\django\template\defaulttags.py", line 325, in render
    return nodelist.render(context)
  File "E:\TEA_Center\venv\lib\site-packages\django\template\base.py", line 1000, in render
    return SafeString("".join([node.render_annotated(context) for node in self]))
  File "E:\TEA_Center\venv\lib\site-packages\django\template\base.py", line 1000, in <listcomp>
    return SafeString("".join([node.render_annotated(context) for node in self]))
  File "E:\TEA_Center\venv\lib\site-packages\django\template\base.py", line 961, in render_annotated
    return self.render(context)
  File "E:\TEA_Center\venv\lib\site-packages\django\contrib\admin\templatetags\base.py", line 45, in render
    return super().render(context)
  File "E:\TEA_Center\venv\lib\site-packages\django\template\library.py", line 258, in render
    _dict = self.func(*resolved_args, **resolved_kwargs)
  File "E:\TEA_Center\venv\lib\site-packages\django\contrib\admin\templatetags\admin_list.py", line 416, in date_hierarchy
    "choices": [
  File "E:\TEA_Center\venv\lib\site-packages\django\db\models\query.py", line 398, in __iter__
    self._fetch_all()
  File "E:\TEA_Center\venv\lib\site-packages\django\db\models\query.py", line 1926, in _fetch_all
    self._result_cache = list(self._iterable_class(self))
  File "E:\TEA_Center\venv\lib\site-packages\django\db\models\query.py", line 285, in __iter__
    for row in compiler.results_iter(
  File "E:\TEA_Center\venv\lib\site-packages\django\db\models\sql\compiler.py", line 1500, in apply_converters
    value = converter(value, expression, connection)
  File "E:\TEA_Center\venv\lib\site-packages\django\db\models\functions\datetime.py", line 349, in convert_value
    raise ValueError(
ValueError: Database returned an invalid datetime value. Are time zone definitions for your database installed?
"GET /admin/terapias/terapia/ HTTP/1.1" 500 507021
"GET /admin/terapias/terapia/ HTTP/1.1" 500 507021
"GET /admin/terapias/categoriaterapia/ HTTP/1.1" 200 27613
"GET /admin/terapias/categoriaterapia/ HTTP/1.1" 200 27613
"GET /admin/consultorios/asignacionconsultorio/ HTTP/1.1" 200 29148
"GET /admin/consultorios/asignacionconsultorio/ HTTP/1.1" 200 29148
"GET /admin/jsi18n/ HTTP/1.1" 200 9110
"GET /admin/jsi18n/ HTTP/1.1" 200 9110
"GET /admin/consultorios/asignacionconsultorio/ HTTP/1.1" 200 29148
"GET /admin/consultorios/asignacionconsultorio/ HTTP/1.1" 200 29148
"GET /admin/jsi18n/ HTTP/1.1" 200 9110
"GET /admin/jsi18n/ HTTP/1.1" 200 9110
"GET /admin/consultorios/consultorio/ HTTP/1.1" 200 35886
"GET /admin/consultorios/consultorio/ HTTP/1.1" 200 35886
"GET /admin/jsi18n/ HTTP/1.1" 200 9110
"GET /admin/jsi18n/ HTTP/1.1" 200 9110
"GET /admin/consultorios/disponibilidadconsultorio/ HTTP/1.1" 200 29146
"GET /admin/consultorios/disponibilidadconsultorio/ HTTP/1.1" 200 29146
"GET /admin/jsi18n/ HTTP/1.1" 200 9110
"GET /admin/jsi18n/ HTTP/1.1" 200 9110
"GET /admin/consultorios/sala/ HTTP/1.1" 200 26300
"GET /admin/consultorios/sala/ HTTP/1.1" 200 26300
"GET /admin/jsi18n/ HTTP/1.1" 200 9110
"GET /admin/jsi18n/ HTTP/1.1" 200 9110
Watching for file changes with StatReloader
Watching for file changes with StatReloader
"GET / HTTP/1.1" 200 11903
"GET / HTTP/1.1" 200 11903
"GET /static/img/logo.png HTTP/1.1" 304 0
"GET /static/img/logo.png HTTP/1.1" 304 0
Not Found: /favicon.ico
Not Found: /favicon.ico
"GET /favicon.ico HTTP/1.1" 404 5487
"GET /favicon.ico HTTP/1.1" 404 5487
Unauthorized: /api/usuarios/
Unauthorized: /api/usuarios/
"GET /procedimientos/pacientes/ HTTP/1.1" 200 12139
"GET /procedimientos/pacientes/ HTTP/1.1" 200 12139
"GET /procedimientos/pacientes/crear/ HTTP/1.1" 200 15769
"GET /procedimientos/pacientes/crear/ HTTP/1.1" 200 15769
"POST /procedimientos/pacientes/crear/ HTTP/1.1" 200 16042
"POST /procedimientos/pacientes/crear/ HTTP/1.1" 200 16042
"POST /procedimientos/pacientes/crear/ HTTP/1.1" 200 16042
"POST /procedimientos/pacientes/crear/ HTTP/1.1" 200 16042
"GET /procedimientos/pacientes/ HTTP/1.1" 200 12139
"GET /procedimientos/pacientes/ HTTP/1.1" 200 12139
"GET /procedimientos/pacientes/crear/ HTTP/1.1" 200 15769
"GET /procedimientos/pacientes/crear/ HTTP/1.1" 200 15769
"GET /procedimientos/ HTTP/1.1" 200 7936
"GET /procedimientos/ HTTP/1.1" 200 7936
"GET /procedimientos/crear/ HTTP/1.1" 200 10864
"GET /procedimientos/crear/ HTTP/1.1" 200 10864
"POST /procedimientos/crear/ HTTP/1.1" 200 10897
"POST /procedimientos/crear/ HTTP/1.1" 200 10897
"POST /procedimientos/crear/ HTTP/1.1" 200 10897
"POST /procedimientos/crear/ HTTP/1.1" 200 10897
"GET /procedimientos/ HTTP/1.1" 200 7936
"GET /procedimientos/ HTTP/1.1" 200 7936
"GET /terapias/ HTTP/1.1" 200 13065
"GET /terapias/ HTTP/1.1" 200 13065
"GET /consultorios/ HTTP/1.1" 200 15644
"GET /consultorios/ HTTP/1.1" 200 15644
"GET /admin/ HTTP/1.1" 200 35580
"GET /admin/ HTTP/1.1" 200 35580
"GET /static/vendor/fontawesome-free/css/all.min.css HTTP/1.1" 304 0
"GET /static/vendor/fontawesome-free/css/all.min.css HTTP/1.1" 304 0
"GET /static/jazzmin/css/main.css HTTP/1.1" 304 0
"GET /static/vendor/adminlte/css/adminlte.min.css HTTP/1.1" 304 0
"GET /static/admin/js/vendor/jquery/jquery.js HTTP/1.1" 304 0
"GET /static/jazzmin/css/main.css HTTP/1.1" 304 0
"GET /static/vendor/adminlte/css/adminlte.min.css HTTP/1.1" 304 0
"GET /static/vendor/adminlte/img/AdminLTELogo.png HTTP/1.1" 304 0
"GET /static/admin/js/vendor/jquery/jquery.js HTTP/1.1" 304 0
"GET /static/vendor/bootstrap/js/bootstrap.min.js HTTP/1.1" 304 0
"GET /static/vendor/adminlte/img/AdminLTELogo.png HTTP/1.1" 304 0
"GET /static/vendor/bootstrap/js/bootstrap.min.js HTTP/1.1" 304 0
"GET /static/vendor/adminlte/js/adminlte.min.js HTTP/1.1" 304 0
"GET /static/vendor/adminlte/js/adminlte.min.js HTTP/1.1" 304 0
"GET /static/jazzmin/js/main.js HTTP/1.1" 304 0
"GET /static/jazzmin/js/main.js HTTP/1.1" 304 0
"GET /static/vendor/fontawesome-free/webfonts/fa-solid-900.woff2 HTTP/1.1" 304 0
"GET /static/vendor/fontawesome-free/webfonts/fa-regular-400.woff2 HTTP/1.1" 304 0
"GET /static/vendor/fontawesome-free/webfonts/fa-solid-900.woff2 HTTP/1.1" 304 0
"GET /static/vendor/fontawesome-free/webfonts/fa-regular-400.woff2 HTTP/1.1" 304 0
"GET /admin/terapias/categoriaterapia/ HTTP/1.1" 200 27613
"GET /admin/terapias/categoriaterapia/ HTTP/1.1" 200 27613
"GET /static/vendor/select2/css/select2.min.css HTTP/1.1" 304 0
"GET /static/vendor/select2/css/select2.min.css HTTP/1.1" 304 0
"GET /static/admin/js/core.js HTTP/1.1" 304 0
"GET /static/admin/js/actions.js HTTP/1.1" 304 0
"GET /static/admin/js/jquery.init.js HTTP/1.1" 304 0
"GET /static/admin/js/admin/RelatedObjectLookups.js HTTP/1.1" 304 0
"GET /static/admin/js/urlify.js HTTP/1.1" 304 0
"GET /static/admin/js/core.js HTTP/1.1" 304 0
"GET /static/admin/js/actions.js HTTP/1.1" 304 0
"GET /static/admin/js/vendor/xregexp/xregexp.js HTTP/1.1" 304 0
"GET /static/admin/js/jquery.init.js HTTP/1.1" 304 0
"GET /static/admin/js/prepopulate.js HTTP/1.1" 304 0
"GET /static/admin/js/admin/RelatedObjectLookups.js HTTP/1.1" 304 0
"GET /static/admin/js/urlify.js HTTP/1.1" 304 0
"GET /static/admin/js/vendor/xregexp/xregexp.js HTTP/1.1" 304 0
"GET /static/admin/js/prepopulate.js HTTP/1.1" 304 0
"GET /static/admin/img/icon-yes.svg HTTP/1.1" 304 0
"GET /static/admin/img/icon-yes.svg HTTP/1.1" 304 0
"GET /static/vendor/select2/js/select2.min.js HTTP/1.1" 304 0
"GET /static/jazzmin/js/change_list.js HTTP/1.1" 304 0
"GET /static/vendor/select2/js/select2.min.js HTTP/1.1" 304 0
"GET /static/jazzmin/js/change_list.js HTTP/1.1" 304 0
"GET /admin/jsi18n/ HTTP/1.1" 200 9110
"GET /admin/jsi18n/ HTTP/1.1" 200 9110
Internal Server Error: /admin/terapias/terapia/
Traceback (most recent call last):
  File "E:\TEA_Center\venv\lib\site-packages\django\core\handlers\exception.py", line 55, in inner
    response = get_response(request)
  File "E:\TEA_Center\venv\lib\site-packages\django\core\handlers\base.py", line 220, in _get_response
    response = response.render()
  File "E:\TEA_Center\venv\lib\site-packages\django\template\response.py", line 114, in render
    self.content = self.rendered_content
  File "E:\TEA_Center\venv\lib\site-packages\django\template\response.py", line 92, in rendered_content
    return template.render(context, self._request)
  File "E:\TEA_Center\venv\lib\site-packages\django\template\backends\django.py", line 61, in render
    return self.template.render(context)
  File "E:\TEA_Center\venv\lib\site-packages\django\template\base.py", line 171, in render
    return self._render(context)
  File "E:\TEA_Center\venv\lib\site-packages\django\template\base.py", line 163, in _render
    return self.nodelist.render(context)
  File "E:\TEA_Center\venv\lib\site-packages\django\template\base.py", line 1000, in render
    return SafeString("".join([node.render_annotated(context) for node in self]))
  File "E:\TEA_Center\venv\lib\site-packages\django\template\base.py", line 1000, in <listcomp>
    return SafeString("".join([node.render_annotated(context) for node in self]))
  File "E:\TEA_Center\venv\lib\site-packages\django\template\base.py", line 961, in render_annotated
    return self.render(context)
  File "E:\TEA_Center\venv\lib\site-packages\django\template\loader_tags.py", line 159, in render
    return compiled_parent._render(context)
  File "E:\TEA_Center\venv\lib\site-packages\django\template\base.py", line 163, in _render
    return self.nodelist.render(context)
  File "E:\TEA_Center\venv\lib\site-packages\django\template\base.py", line 1000, in render
    return SafeString("".join([node.render_annotated(context) for node in self]))
  File "E:\TEA_Center\venv\lib\site-packages\django\template\base.py", line 1000, in <listcomp>
    return SafeString("".join([node.render_annotated(context) for node in self]))
  File "E:\TEA_Center\venv\lib\site-packages\django\template\base.py", line 961, in render_annotated
    return self.render(context)
  File "E:\TEA_Center\venv\lib\site-packages\django\template\loader_tags.py", line 159, in render
    return compiled_parent._render(context)
  File "E:\TEA_Center\venv\lib\site-packages\django\template\base.py", line 163, in _render
    return self.nodelist.render(context)
  File "E:\TEA_Center\venv\lib\site-packages\django\template\base.py", line 1000, in render
    return SafeString("".join([node.render_annotated(context) for node in self]))
  File "E:\TEA_Center\venv\lib\site-packages\django\template\base.py", line 1000, in <listcomp>
    return SafeString("".join([node.render_annotated(context) for node in self]))
  File "E:\TEA_Center\venv\lib\site-packages\django\template\base.py", line 961, in render_annotated
    return self.render(context)
  File "E:\TEA_Center\venv\lib\site-packages\django\template\loader_tags.py", line 65, in render
    result = block.nodelist.render(context)
  File "E:\TEA_Center\venv\lib\site-packages\django\template\base.py", line 1000, in render
    return SafeString("".join([node.render_annotated(context) for node in self]))
  File "E:\TEA_Center\venv\lib\site-packages\django\template\base.py", line 1000, in <listcomp>
    return SafeString("".join([node.render_annotated(context) for node in self]))
  File "E:\TEA_Center\venv\lib\site-packages\django\template\base.py", line 961, in render_annotated
    return self.render(context)
  File "E:\TEA_Center\venv\lib\site-packages\django\template\loader_tags.py", line 65, in render
    result = block.nodelist.render(context)
  File "E:\TEA_Center\venv\lib\site-packages\django\template\base.py", line 1000, in render
    return SafeString("".join([node.render_annotated(context) for node in self]))
  File "E:\TEA_Center\venv\lib\site-packages\django\template\base.py", line 1000, in <listcomp>
    return SafeString("".join([node.render_annotated(context) for node in self]))
  File "E:\TEA_Center\venv\lib\site-packages\django\template\base.py", line 961, in render_annotated
    return self.render(context)
  File "E:\TEA_Center\venv\lib\site-packages\django\template\loader_tags.py", line 65, in render
    result = block.nodelist.render(context)
  File "E:\TEA_Center\venv\lib\site-packages\django\template\base.py", line 1000, in render
    return SafeString("".join([node.render_annotated(context) for node in self]))
  File "E:\TEA_Center\venv\lib\site-packages\django\template\base.py", line 1000, in <listcomp>
    return SafeString("".join([node.render_annotated(context) for node in self]))
  File "E:\TEA_Center\venv\lib\site-packages\django\template\base.py", line 961, in render_annotated
    return self.render(context)
  File "E:\TEA_Center\venv\lib\site-packages\django\template\defaulttags.py", line 325, in render
    return nodelist.render(context)
  File "E:\TEA_Center\venv\lib\site-packages\django\template\base.py", line 1000, in render
    return SafeString("".join([node.render_annotated(context) for node in self]))
  File "E:\TEA_Center\venv\lib\site-packages\django\template\base.py", line 1000, in <listcomp>
    return SafeString("".join([node.render_annotated(context) for node in self]))
  File "E:\TEA_Center\venv\lib\site-packages\django\template\base.py", line 961, in render_annotated
    return self.render(context)
  File "E:\TEA_Center\venv\lib\site-packages\django\contrib\admin\templatetags\base.py", line 45, in render
    return super().render(context)
  File "E:\TEA_Center\venv\lib\site-packages\django\template\library.py", line 258, in render
    _dict = self.func(*resolved_args, **resolved_kwargs)
  File "E:\TEA_Center\venv\lib\site-packages\django\contrib\admin\templatetags\admin_list.py", line 416, in date_hierarchy
    "choices": [
  File "E:\TEA_Center\venv\lib\site-packages\django\db\models\query.py", line 398, in __iter__
    self._fetch_all()
  File "E:\TEA_Center\venv\lib\site-packages\django\db\models\query.py", line 1926, in _fetch_all
    self._result_cache = list(self._iterable_class(self))
  File "E:\TEA_Center\venv\lib\site-packages\django\db\models\query.py", line 285, in __iter__
    for row in compiler.results_iter(
  File "E:\TEA_Center\venv\lib\site-packages\django\db\models\sql\compiler.py", line 1500, in apply_converters
    value = converter(value, expression, connection)
  File "E:\TEA_Center\venv\lib\site-packages\django\db\models\functions\datetime.py", line 349, in convert_value
    raise ValueError(
ValueError: Database returned an invalid datetime value. Are time zone definitions for your database installed?
Internal Server Error: /admin/terapias/terapia/
Traceback (most recent call last):
  File "E:\TEA_Center\venv\lib\site-packages\django\core\handlers\exception.py", line 55, in inner
    response = get_response(request)
  File "E:\TEA_Center\venv\lib\site-packages\django\core\handlers\base.py", line 220, in _get_response
    response = response.render()
  File "E:\TEA_Center\venv\lib\site-packages\django\template\response.py", line 114, in render
    self.content = self.rendered_content
  File "E:\TEA_Center\venv\lib\site-packages\django\template\response.py", line 92, in rendered_content
    return template.render(context, self._request)
  File "E:\TEA_Center\venv\lib\site-packages\django\template\backends\django.py", line 61, in render
    return self.template.render(context)
  File "E:\TEA_Center\venv\lib\site-packages\django\template\base.py", line 171, in render
    return self._render(context)
  File "E:\TEA_Center\venv\lib\site-packages\django\template\base.py", line 163, in _render
    return self.nodelist.render(context)
  File "E:\TEA_Center\venv\lib\site-packages\django\template\base.py", line 1000, in render
    return SafeString("".join([node.render_annotated(context) for node in self]))
  File "E:\TEA_Center\venv\lib\site-packages\django\template\base.py", line 1000, in <listcomp>
    return SafeString("".join([node.render_annotated(context) for node in self]))
  File "E:\TEA_Center\venv\lib\site-packages\django\template\base.py", line 961, in render_annotated
    return self.render(context)
  File "E:\TEA_Center\venv\lib\site-packages\django\template\loader_tags.py", line 159, in render
    return compiled_parent._render(context)
  File "E:\TEA_Center\venv\lib\site-packages\django\template\base.py", line 163, in _render
    return self.nodelist.render(context)
  File "E:\TEA_Center\venv\lib\site-packages\django\template\base.py", line 1000, in render
    return SafeString("".join([node.render_annotated(context) for node in self]))
  File "E:\TEA_Center\venv\lib\site-packages\django\template\base.py", line 1000, in <listcomp>
    return SafeString("".join([node.render_annotated(context) for node in self]))
  File "E:\TEA_Center\venv\lib\site-packages\django\template\base.py", line 961, in render_annotated
    return self.render(context)
  File "E:\TEA_Center\venv\lib\site-packages\django\template\loader_tags.py", line 159, in render
    return compiled_parent._render(context)
  File "E:\TEA_Center\venv\lib\site-packages\django\template\base.py", line 163, in _render
    return self.nodelist.render(context)
  File "E:\TEA_Center\venv\lib\site-packages\django\template\base.py", line 1000, in render
    return SafeString("".join([node.render_annotated(context) for node in self]))
  File "E:\TEA_Center\venv\lib\site-packages\django\template\base.py", line 1000, in <listcomp>
    return SafeString("".join([node.render_annotated(context) for node in self]))
  File "E:\TEA_Center\venv\lib\site-packages\django\template\base.py", line 961, in render_annotated
    return self.render(context)
  File "E:\TEA_Center\venv\lib\site-packages\django\template\loader_tags.py", line 65, in render
    result = block.nodelist.render(context)
  File "E:\TEA_Center\venv\lib\site-packages\django\template\base.py", line 1000, in render
    return SafeString("".join([node.render_annotated(context) for node in self]))
  File "E:\TEA_Center\venv\lib\site-packages\django\template\base.py", line 1000, in <listcomp>
    return SafeString("".join([node.render_annotated(context) for node in self]))
  File "E:\TEA_Center\venv\lib\site-packages\django\template\base.py", line 961, in render_annotated
    return self.render(context)
  File "E:\TEA_Center\venv\lib\site-packages\django\template\loader_tags.py", line 65, in render
    result = block.nodelist.render(context)
  File "E:\TEA_Center\venv\lib\site-packages\django\template\base.py", line 1000, in render
    return SafeString("".join([node.render_annotated(context) for node in self]))
  File "E:\TEA_Center\venv\lib\site-packages\django\template\base.py", line 1000, in <listcomp>
    return SafeString("".join([node.render_annotated(context) for node in self]))
  File "E:\TEA_Center\venv\lib\site-packages\django\template\base.py", line 961, in render_annotated
    return self.render(context)
  File "E:\TEA_Center\venv\lib\site-packages\django\template\loader_tags.py", line 65, in render
    result = block.nodelist.render(context)
  File "E:\TEA_Center\venv\lib\site-packages\django\template\base.py", line 1000, in render
    return SafeString("".join([node.render_annotated(context) for node in self]))
  File "E:\TEA_Center\venv\lib\site-packages\django\template\base.py", line 1000, in <listcomp>
    return SafeString("".join([node.render_annotated(context) for node in self]))
  File "E:\TEA_Center\venv\lib\site-packages\django\template\base.py", line 961, in render_annotated
    return self.render(context)
  File "E:\TEA_Center\venv\lib\site-packages\django\template\defaulttags.py", line 325, in render
    return nodelist.render(context)
  File "E:\TEA_Center\venv\lib\site-packages\django\template\base.py", line 1000, in render
    return SafeString("".join([node.render_annotated(context) for node in self]))
  File "E:\TEA_Center\venv\lib\site-packages\django\template\base.py", line 1000, in <listcomp>
    return SafeString("".join([node.render_annotated(context) for node in self]))
  File "E:\TEA_Center\venv\lib\site-packages\django\template\base.py", line 961, in render_annotated
    return self.render(context)
  File "E:\TEA_Center\venv\lib\site-packages\django\contrib\admin\templatetags\base.py", line 45, in render
    return super().render(context)
  File "E:\TEA_Center\venv\lib\site-packages\django\template\library.py", line 258, in render
    _dict = self.func(*resolved_args, **resolved_kwargs)
  File "E:\TEA_Center\venv\lib\site-packages\django\contrib\admin\templatetags\admin_list.py", line 416, in date_hierarchy
    "choices": [
  File "E:\TEA_Center\venv\lib\site-packages\django\db\models\query.py", line 398, in __iter__
    self._fetch_all()
  File "E:\TEA_Center\venv\lib\site-packages\django\db\models\query.py", line 1926, in _fetch_all
    self._result_cache = list(self._iterable_class(self))
  File "E:\TEA_Center\venv\lib\site-packages\django\db\models\query.py", line 285, in __iter__
    for row in compiler.results_iter(
  File "E:\TEA_Center\venv\lib\site-packages\django\db\models\sql\compiler.py", line 1500, in apply_converters
    value = converter(value, expression, connection)
  File "E:\TEA_Center\venv\lib\site-packages\django\db\models\functions\datetime.py", line 349, in convert_value
    raise ValueError(
ValueError: Database returned an invalid datetime value. Are time zone definitions for your database installed?
"GET /admin/terapias/terapia/ HTTP/1.1" 500 507021
"GET /admin/terapias/terapia/ HTTP/1.1" 500 507021
"GET /admin/terapias/categoriaterapia/ HTTP/1.1" 200 27613
"GET /admin/terapias/categoriaterapia/ HTTP/1.1" 200 27613
Internal Server Error: /admin/terapias/terapia/
Traceback (most recent call last):
  File "E:\TEA_Center\venv\lib\site-packages\django\core\handlers\exception.py", line 55, in inner
    response = get_response(request)
  File "E:\TEA_Center\venv\lib\site-packages\django\core\handlers\base.py", line 220, in _get_response
    response = response.render()
  File "E:\TEA_Center\venv\lib\site-packages\django\template\response.py", line 114, in render
    self.content = self.rendered_content
  File "E:\TEA_Center\venv\lib\site-packages\django\template\response.py", line 92, in rendered_content
    return template.render(context, self._request)
  File "E:\TEA_Center\venv\lib\site-packages\django\template\backends\django.py", line 61, in render
    return self.template.render(context)
  File "E:\TEA_Center\venv\lib\site-packages\django\template\base.py", line 171, in render
    return self._render(context)
  File "E:\TEA_Center\venv\lib\site-packages\django\template\base.py", line 163, in _render
    return self.nodelist.render(context)
  File "E:\TEA_Center\venv\lib\site-packages\django\template\base.py", line 1000, in render
    return SafeString("".join([node.render_annotated(context) for node in self]))
  File "E:\TEA_Center\venv\lib\site-packages\django\template\base.py", line 1000, in <listcomp>
    return SafeString("".join([node.render_annotated(context) for node in self]))
  File "E:\TEA_Center\venv\lib\site-packages\django\template\base.py", line 961, in render_annotated
    return self.render(context)
  File "E:\TEA_Center\venv\lib\site-packages\django\template\loader_tags.py", line 159, in render
    return compiled_parent._render(context)
  File "E:\TEA_Center\venv\lib\site-packages\django\template\base.py", line 163, in _render
    return self.nodelist.render(context)
  File "E:\TEA_Center\venv\lib\site-packages\django\template\base.py", line 1000, in render
    return SafeString("".join([node.render_annotated(context) for node in self]))
  File "E:\TEA_Center\venv\lib\site-packages\django\template\base.py", line 1000, in <listcomp>
    return SafeString("".join([node.render_annotated(context) for node in self]))
  File "E:\TEA_Center\venv\lib\site-packages\django\template\base.py", line 961, in render_annotated
    return self.render(context)
  File "E:\TEA_Center\venv\lib\site-packages\django\template\loader_tags.py", line 159, in render
    return compiled_parent._render(context)
  File "E:\TEA_Center\venv\lib\site-packages\django\template\base.py", line 163, in _render
    return self.nodelist.render(context)
  File "E:\TEA_Center\venv\lib\site-packages\django\template\base.py", line 1000, in render
    return SafeString("".join([node.render_annotated(context) for node in self]))
  File "E:\TEA_Center\venv\lib\site-packages\django\template\base.py", line 1000, in <listcomp>
    return SafeString("".join([node.render_annotated(context) for node in self]))
  File "E:\TEA_Center\venv\lib\site-packages\django\template\base.py", line 961, in render_annotated
    return self.render(context)
  File "E:\TEA_Center\venv\lib\site-packages\django\template\loader_tags.py", line 65, in render
    result = block.nodelist.render(context)
  File "E:\TEA_Center\venv\lib\site-packages\django\template\base.py", line 1000, in render
    return SafeString("".join([node.render_annotated(context) for node in self]))
  File "E:\TEA_Center\venv\lib\site-packages\django\template\base.py", line 1000, in <listcomp>
    return SafeString("".join([node.render_annotated(context) for node in self]))
  File "E:\TEA_Center\venv\lib\site-packages\django\template\base.py", line 961, in render_annotated
    return self.render(context)
  File "E:\TEA_Center\venv\lib\site-packages\django\template\loader_tags.py", line 65, in render
    result = block.nodelist.render(context)
  File "E:\TEA_Center\venv\lib\site-packages\django\template\base.py", line 1000, in render
    return SafeString("".join([node.render_annotated(context) for node in self]))
  File "E:\TEA_Center\venv\lib\site-packages\django\template\base.py", line 1000, in <listcomp>
    return SafeString("".join([node.render_annotated(context) for node in self]))
  File "E:\TEA_Center\venv\lib\site-packages\django\template\base.py", line 961, in render_annotated
    return self.render(context)
  File "E:\TEA_Center\venv\lib\site-packages\django\template\loader_tags.py", line 65, in render
    result = block.nodelist.render(context)
  File "E:\TEA_Center\venv\lib\site-packages\django\template\base.py", line 1000, in render
    return SafeString("".join([node.render_annotated(context) for node in self]))
  File "E:\TEA_Center\venv\lib\site-packages\django\template\base.py", line 1000, in <listcomp>
    return SafeString("".join([node.render_annotated(context) for node in self]))
  File "E:\TEA_Center\venv\lib\site-packages\django\template\base.py", line 961, in render_annotated
    return self.render(context)
  File "E:\TEA_Center\venv\lib\site-packages\django\template\defaulttags.py", line 325, in render
    return nodelist.render(context)
  File "E:\TEA_Center\venv\lib\site-packages\django\template\base.py", line 1000, in render
    return SafeString("".join([node.render_annotated(context) for node in self]))
  File "E:\TEA_Center\venv\lib\site-packages\django\template\base.py", line 1000, in <listcomp>
    return SafeString("".join([node.render_annotated(context) for node in self]))
  File "E:\TEA_Center\venv\lib\site-packages\django\template\base.py", line 961, in render_annotated
    return self.render(context)
  File "E:\TEA_Center\venv\lib\site-packages\django\contrib\admin\templatetags\base.py", line 45, in render
    return super().render(context)
  File "E:\TEA_Center\venv\lib\site-packages\django\template\library.py", line 258, in render
    _dict = self.func(*resolved_args, **resolved_kwargs)
  File "E:\TEA_Center\venv\lib\site-packages\django\contrib\admin\templatetags\admin_list.py", line 416, in date_hierarchy
    "choices": [
  File "E:\TEA_Center\venv\lib\site-packages\django\db\models\query.py", line 398, in __iter__
    self._fetch_all()
  File "E:\TEA_Center\venv\lib\site-packages\django\db\models\query.py", line 1926, in _fetch_all
    self._result_cache = list(self._iterable_class(self))
  File "E:\TEA_Center\venv\lib\site-packages\django\db\models\query.py", line 285, in __iter__
    for row in compiler.results_iter(
  File "E:\TEA_Center\venv\lib\site-packages\django\db\models\sql\compiler.py", line 1500, in apply_converters
    value = converter(value, expression, connection)
  File "E:\TEA_Center\venv\lib\site-packages\django\db\models\functions\datetime.py", line 349, in convert_value
    raise ValueError(
ValueError: Database returned an invalid datetime value. Are time zone definitions for your database installed?
Internal Server Error: /admin/terapias/terapia/
Traceback (most recent call last):
  File "E:\TEA_Center\venv\lib\site-packages\django\core\handlers\exception.py", line 55, in inner
    response = get_response(request)
  File "E:\TEA_Center\venv\lib\site-packages\django\core\handlers\base.py", line 220, in _get_response
    response = response.render()
  File "E:\TEA_Center\venv\lib\site-packages\django\template\response.py", line 114, in render
    self.content = self.rendered_content
  File "E:\TEA_Center\venv\lib\site-packages\django\template\response.py", line 92, in rendered_content
    return template.render(context, self._request)
  File "E:\TEA_Center\venv\lib\site-packages\django\template\backends\django.py", line 61, in render
    return self.template.render(context)
  File "E:\TEA_Center\venv\lib\site-packages\django\template\base.py", line 171, in render
    return self._render(context)
  File "E:\TEA_Center\venv\lib\site-packages\django\template\base.py", line 163, in _render
    return self.nodelist.render(context)
  File "E:\TEA_Center\venv\lib\site-packages\django\template\base.py", line 1000, in render
    return SafeString("".join([node.render_annotated(context) for node in self]))
  File "E:\TEA_Center\venv\lib\site-packages\django\template\base.py", line 1000, in <listcomp>
    return SafeString("".join([node.render_annotated(context) for node in self]))
  File "E:\TEA_Center\venv\lib\site-packages\django\template\base.py", line 961, in render_annotated
    return self.render(context)
  File "E:\TEA_Center\venv\lib\site-packages\django\template\loader_tags.py", line 159, in render
    return compiled_parent._render(context)
  File "E:\TEA_Center\venv\lib\site-packages\django\template\base.py", line 163, in _render
    return self.nodelist.render(context)
  File "E:\TEA_Center\venv\lib\site-packages\django\template\base.py", line 1000, in render
    return SafeString("".join([node.render_annotated(context) for node in self]))
  File "E:\TEA_Center\venv\lib\site-packages\django\template\base.py", line 1000, in <listcomp>
    return SafeString("".join([node.render_annotated(context) for node in self]))
  File "E:\TEA_Center\venv\lib\site-packages\django\template\base.py", line 961, in render_annotated
    return self.render(context)
  File "E:\TEA_Center\venv\lib\site-packages\django\template\loader_tags.py", line 159, in render
    return compiled_parent._render(context)
  File "E:\TEA_Center\venv\lib\site-packages\django\template\base.py", line 163, in _render
    return self.nodelist.render(context)
  File "E:\TEA_Center\venv\lib\site-packages\django\template\base.py", line 1000, in render
    return SafeString("".join([node.render_annotated(context) for node in self]))
  File "E:\TEA_Center\venv\lib\site-packages\django\template\base.py", line 1000, in <listcomp>
    return SafeString("".join([node.render_annotated(context) for node in self]))
  File "E:\TEA_Center\venv\lib\site-packages\django\template\base.py", line 961, in render_annotated
    return self.render(context)
  File "E:\TEA_Center\venv\lib\site-packages\django\template\loader_tags.py", line 65, in render
    result = block.nodelist.render(context)
  File "E:\TEA_Center\venv\lib\site-packages\django\template\base.py", line 1000, in render
    return SafeString("".join([node.render_annotated(context) for node in self]))
  File "E:\TEA_Center\venv\lib\site-packages\django\template\base.py", line 1000, in <listcomp>
    return SafeString("".join([node.render_annotated(context) for node in self]))
  File "E:\TEA_Center\venv\lib\site-packages\django\template\base.py", line 961, in render_annotated
    return self.render(context)
  File "E:\TEA_Center\venv\lib\site-packages\django\template\loader_tags.py", line 65, in render
    result = block.nodelist.render(context)
  File "E:\TEA_Center\venv\lib\site-packages\django\template\base.py", line 1000, in render
    return SafeString("".join([node.render_annotated(context) for node in self]))
  File "E:\TEA_Center\venv\lib\site-packages\django\template\base.py", line 1000, in <listcomp>
    return SafeString("".join([node.render_annotated(context) for node in self]))
  File "E:\TEA_Center\venv\lib\site-packages\django\template\base.py", line 961, in render_annotated
    return self.render(context)
  File "E:\TEA_Center\venv\lib\site-packages\django\template\loader_tags.py", line 65, in render
    result = block.nodelist.render(context)
  File "E:\TEA_Center\venv\lib\site-packages\django\template\base.py", line 1000, in render
    return SafeString("".join([node.render_annotated(context) for node in self]))
  File "E:\TEA_Center\venv\lib\site-packages\django\template\base.py", line 1000, in <listcomp>
    return SafeString("".join([node.render_annotated(context) for node in self]))
  File "E:\TEA_Center\venv\lib\site-packages\django\template\base.py", line 961, in render_annotated
    return self.render(context)
  File "E:\TEA_Center\venv\lib\site-packages\django\template\defaulttags.py", line 325, in render
    return nodelist.render(context)
  File "E:\TEA_Center\venv\lib\site-packages\django\template\base.py", line 1000, in render
    return SafeString("".join([node.render_annotated(context) for node in self]))
  File "E:\TEA_Center\venv\lib\site-packages\django\template\base.py", line 1000, in <listcomp>
    return SafeString("".join([node.render_annotated(context) for node in self]))
  File "E:\TEA_Center\venv\lib\site-packages\django\template\base.py", line 961, in render_annotated
    return self.render(context)
  File "E:\TEA_Center\venv\lib\site-packages\django\contrib\admin\templatetags\base.py", line 45, in render
    return super().render(context)
  File "E:\TEA_Center\venv\lib\site-packages\django\template\library.py", line 258, in render
    _dict = self.func(*resolved_args, **resolved_kwargs)
  File "E:\TEA_Center\venv\lib\site-packages\django\contrib\admin\templatetags\admin_list.py", line 416, in date_hierarchy
    "choices": [
  File "E:\TEA_Center\venv\lib\site-packages\django\db\models\query.py", line 398, in __iter__
    self._fetch_all()
  File "E:\TEA_Center\venv\lib\site-packages\django\db\models\query.py", line 1926, in _fetch_all
    self._result_cache = list(self._iterable_class(self))
  File "E:\TEA_Center\venv\lib\site-packages\django\db\models\query.py", line 285, in __iter__
    for row in compiler.results_iter(
  File "E:\TEA_Center\venv\lib\site-packages\django\db\models\sql\compiler.py", line 1500, in apply_converters
    value = converter(value, expression, connection)
  File "E:\TEA_Center\venv\lib\site-packages\django\db\models\functions\datetime.py", line 349, in convert_value
    raise ValueError(
ValueError: Database returned an invalid datetime value. Are time zone definitions for your database installed?
"GET /admin/terapias/terapia/ HTTP/1.1" 500 507021
"GET /admin/terapias/terapia/ HTTP/1.1" 500 507021
"GET /admin/terapias/categoriaterapia/ HTTP/1.1" 200 27613
"GET /admin/terapias/categoriaterapia/ HTTP/1.1" 200 27613
"GET /admin/consultorios/asignacionconsultorio/ HTTP/1.1" 200 29148
"GET /admin/consultorios/asignacionconsultorio/ HTTP/1.1" 200 29148
"GET /admin/jsi18n/ HTTP/1.1" 200 9110
"GET /admin/jsi18n/ HTTP/1.1" 200 9110
"GET /admin/consultorios/consultorio/ HTTP/1.1" 200 35886
"GET /admin/consultorios/consultorio/ HTTP/1.1" 200 35886
"GET /admin/jsi18n/ HTTP/1.1" 200 9110
"GET /admin/jsi18n/ HTTP/1.1" 200 9110
"GET /admin/consultorios/disponibilidadconsultorio/ HTTP/1.1" 200 29146
"GET /admin/consultorios/disponibilidadconsultorio/ HTTP/1.1" 200 29146
"GET /admin/jsi18n/ HTTP/1.1" 200 9110
"GET /admin/jsi18n/ HTTP/1.1" 200 9110
"GET /admin/consultorios/sala/ HTTP/1.1" 200 26300
"GET /admin/consultorios/sala/ HTTP/1.1" 200 26300
"GET /admin/jsi18n/ HTTP/1.1" 200 9110
"GET /admin/jsi18n/ HTTP/1.1" 200 9110
"GET /admin/procedimientos/evolucionpaciente/ HTTP/1.1" 200 21680
"GET /admin/procedimientos/evolucionpaciente/ HTTP/1.1" 200 21680
"GET /admin/jsi18n/ HTTP/1.1" 200 9110
"GET /admin/jsi18n/ HTTP/1.1" 200 9110
"GET /admin/procedimientos/evolucionpaciente/add/ HTTP/1.1" 200 39323
"GET /admin/procedimientos/evolucionpaciente/add/ HTTP/1.1" 200 39323
"GET /admin/jsi18n/ HTTP/1.1" 200 9110
"GET /admin/jsi18n/ HTTP/1.1" 200 9110
"GET /static/admin/js/change_form.js HTTP/1.1" 200 606
"GET /static/admin/js/change_form.js HTTP/1.1" 200 606
"GET /static/admin/js/prepopulate_init.js HTTP/1.1" 200 586
"GET /static/admin/js/prepopulate_init.js HTTP/1.1" 200 586
"GET /static/admin/js/collapse.js HTTP/1.1" 200 1803
"GET /static/admin/js/collapse.js HTTP/1.1" 200 1803
"GET /static/admin/js/calendar.js HTTP/1.1" 200 9141
"GET /static/admin/js/calendar.js HTTP/1.1" 200 9141
"GET /static/admin/js/admin/DateTimeShortcuts.js HTTP/1.1" 200 19319
"GET /static/jazzmin/js/change_form.js HTTP/1.1" 200 6052
"GET /static/admin/js/admin/DateTimeShortcuts.js HTTP/1.1" 200 19319
"GET /static/jazzmin/js/change_form.js HTTP/1.1" 200 6052
"GET /static/admin/img/icon-changelink.svg HTTP/1.1" 200 380
"GET /static/admin/img/icon-changelink.svg HTTP/1.1" 200 380
"GET /static/admin/img/icon-addlink.svg HTTP/1.1" 200 331
"GET /static/admin/img/icon-viewlink.svg HTTP/1.1" 200 581
"GET /static/admin/img/icon-deletelink.svg HTTP/1.1" 200 392
"GET /static/admin/img/icon-addlink.svg HTTP/1.1" 200 331
"GET /static/admin/img/icon-viewlink.svg HTTP/1.1" 200 581
"GET /static/admin/img/icon-deletelink.svg HTTP/1.1" 200 392
"GET /admin/procedimientos/sesionterapeutica/ HTTP/1.1" 200 24535
"GET /admin/procedimientos/sesionterapeutica/ HTTP/1.1" 200 24535
"GET /admin/jsi18n/ HTTP/1.1" 200 9110
"GET /admin/jsi18n/ HTTP/1.1" 200 9110
Internal Server Error: /admin/procedimientos/sesionterapeutica/add/
Traceback (most recent call last):
  File "E:\TEA_Center\venv\lib\site-packages\django\db\models\options.py", line 681, in get_field
    return self.fields_map[field_name]
KeyError: 'duracion_programada_formateada'

During handling of the above exception, another exception occurred:

Traceback (most recent call last):
  File "E:\TEA_Center\venv\lib\site-packages\django\contrib\admin\utils.py", line 289, in lookup_field
    f = _get_non_gfk_field(opts, name)
  File "E:\TEA_Center\venv\lib\site-packages\django\contrib\admin\utils.py", line 322, in _get_non_gfk_field
    field = opts.get_field(name)
  File "E:\TEA_Center\venv\lib\site-packages\django\db\models\options.py", line 683, in get_field
    raise FieldDoesNotExist(
django.core.exceptions.FieldDoesNotExist: SesionTerapeutica has no field named 'duracion_programada_formateada'

During handling of the above exception, another exception occurred:

Traceback (most recent call last):
  File "E:\TEA_Center\venv\lib\site-packages\django\core\handlers\exception.py", line 55, in inner
    response = get_response(request)
  File "E:\TEA_Center\venv\lib\site-packages\django\core\handlers\base.py", line 220, in _get_response
    response = response.render()
  File "E:\TEA_Center\venv\lib\site-packages\django\template\response.py", line 114, in render
    self.content = self.rendered_content
  File "E:\TEA_Center\venv\lib\site-packages\django\template\response.py", line 92, in rendered_content
    return template.render(context, self._request)
  File "E:\TEA_Center\venv\lib\site-packages\django\template\backends\django.py", line 61, in render
    return self.template.render(context)
  File "E:\TEA_Center\venv\lib\site-packages\django\template\base.py", line 171, in render
    return self._render(context)
  File "E:\TEA_Center\venv\lib\site-packages\django\template\base.py", line 163, in _render
    return self.nodelist.render(context)
  File "E:\TEA_Center\venv\lib\site-packages\django\template\base.py", line 1000, in render
    return SafeString("".join([node.render_annotated(context) for node in self]))
  File "E:\TEA_Center\venv\lib\site-packages\django\template\base.py", line 1000, in <listcomp>
    return SafeString("".join([node.render_annotated(context) for node in self]))
  File "E:\TEA_Center\venv\lib\site-packages\django\template\base.py", line 961, in render_annotated
    return self.render(context)
  File "E:\TEA_Center\venv\lib\site-packages\django\template\loader_tags.py", line 159, in render
    return compiled_parent._render(context)
  File "E:\TEA_Center\venv\lib\site-packages\django\template\base.py", line 163, in _render
    return self.nodelist.render(context)
  File "E:\TEA_Center\venv\lib\site-packages\django\template\base.py", line 1000, in render
    return SafeString("".join([node.render_annotated(context) for node in self]))
  File "E:\TEA_Center\venv\lib\site-packages\django\template\base.py", line 1000, in <listcomp>
    return SafeString("".join([node.render_annotated(context) for node in self]))
  File "E:\TEA_Center\venv\lib\site-packages\django\template\base.py", line 961, in render_annotated
    return self.render(context)
  File "E:\TEA_Center\venv\lib\site-packages\django\template\loader_tags.py", line 159, in render
    return compiled_parent._render(context)
  File "E:\TEA_Center\venv\lib\site-packages\django\template\base.py", line 163, in _render
    return self.nodelist.render(context)
  File "E:\TEA_Center\venv\lib\site-packages\django\template\base.py", line 1000, in render
    return SafeString("".join([node.render_annotated(context) for node in self]))
  File "E:\TEA_Center\venv\lib\site-packages\django\template\base.py", line 1000, in <listcomp>
    return SafeString("".join([node.render_annotated(context) for node in self]))
  File "E:\TEA_Center\venv\lib\site-packages\django\template\base.py", line 961, in render_annotated
    return self.render(context)
  File "E:\TEA_Center\venv\lib\site-packages\django\template\loader_tags.py", line 65, in render
    result = block.nodelist.render(context)
  File "E:\TEA_Center\venv\lib\site-packages\django\template\base.py", line 1000, in render
    return SafeString("".join([node.render_annotated(context) for node in self]))
  File "E:\TEA_Center\venv\lib\site-packages\django\template\base.py", line 1000, in <listcomp>
    return SafeString("".join([node.render_annotated(context) for node in self]))
  File "E:\TEA_Center\venv\lib\site-packages\django\template\base.py", line 961, in render_annotated
    return self.render(context)
  File "E:\TEA_Center\venv\lib\site-packages\django\template\loader_tags.py", line 65, in render
    result = block.nodelist.render(context)
  File "E:\TEA_Center\venv\lib\site-packages\django\template\base.py", line 1000, in render
    return SafeString("".join([node.render_annotated(context) for node in self]))
  File "E:\TEA_Center\venv\lib\site-packages\django\template\base.py", line 1000, in <listcomp>
    return SafeString("".join([node.render_annotated(context) for node in self]))
  File "E:\TEA_Center\venv\lib\site-packages\django\template\base.py", line 961, in render_annotated
    return self.render(context)
  File "E:\TEA_Center\venv\lib\site-packages\django\template\loader_tags.py", line 65, in render
    result = block.nodelist.render(context)
  File "E:\TEA_Center\venv\lib\site-packages\django\template\base.py", line 1000, in render
    return SafeString("".join([node.render_annotated(context) for node in self]))
  File "E:\TEA_Center\venv\lib\site-packages\django\template\base.py", line 1000, in <listcomp>
    return SafeString("".join([node.render_annotated(context) for node in self]))
  File "E:\TEA_Center\venv\lib\site-packages\django\template\base.py", line 961, in render_annotated
    return self.render(context)
  File "E:\TEA_Center\venv\lib\site-packages\django\template\loader_tags.py", line 210, in render
    return template.render(context)
  File "E:\TEA_Center\venv\lib\site-packages\django\template\base.py", line 173, in render
    return self._render(context)
  File "E:\TEA_Center\venv\lib\site-packages\django\template\base.py", line 163, in _render
    return self.nodelist.render(context)
  File "E:\TEA_Center\venv\lib\site-packages\django\template\base.py", line 1000, in render
    return SafeString("".join([node.render_annotated(context) for node in self]))
  File "E:\TEA_Center\venv\lib\site-packages\django\template\base.py", line 1000, in <listcomp>
    return SafeString("".join([node.render_annotated(context) for node in self]))
  File "E:\TEA_Center\venv\lib\site-packages\django\template\base.py", line 961, in render_annotated
    return self.render(context)
  File "E:\TEA_Center\venv\lib\site-packages\django\template\defaulttags.py", line 241, in render
    nodelist.append(node.render_annotated(context))
  File "E:\TEA_Center\venv\lib\site-packages\django\template\base.py", line 961, in render_annotated
    return self.render(context)
  File "E:\TEA_Center\venv\lib\site-packages\django\template\defaulttags.py", line 325, in render
    return nodelist.render(context)
  File "E:\TEA_Center\venv\lib\site-packages\django\template\base.py", line 1000, in render
    return SafeString("".join([node.render_annotated(context) for node in self]))
  File "E:\TEA_Center\venv\lib\site-packages\django\template\base.py", line 1000, in <listcomp>
    return SafeString("".join([node.render_annotated(context) for node in self]))
  File "E:\TEA_Center\venv\lib\site-packages\django\template\base.py", line 961, in render_annotated
    return self.render(context)
  File "E:\TEA_Center\venv\lib\site-packages\django\template\loader_tags.py", line 210, in render
    return template.render(context)
  File "E:\TEA_Center\venv\lib\site-packages\django\template\base.py", line 173, in render
    return self._render(context)
  File "E:\TEA_Center\venv\lib\site-packages\django\template\base.py", line 163, in _render
    return self.nodelist.render(context)
  File "E:\TEA_Center\venv\lib\site-packages\django\template\base.py", line 1000, in render
    return SafeString("".join([node.render_annotated(context) for node in self]))
  File "E:\TEA_Center\venv\lib\site-packages\django\template\base.py", line 1000, in <listcomp>
    return SafeString("".join([node.render_annotated(context) for node in self]))
  File "E:\TEA_Center\venv\lib\site-packages\django\template\base.py", line 961, in render_annotated
    return self.render(context)
  File "E:\TEA_Center\venv\lib\site-packages\django\template\defaulttags.py", line 241, in render
    nodelist.append(node.render_annotated(context))
  File "E:\TEA_Center\venv\lib\site-packages\django\template\base.py", line 961, in render_annotated
    return self.render(context)
  File "E:\TEA_Center\venv\lib\site-packages\django\template\defaulttags.py", line 241, in render
    nodelist.append(node.render_annotated(context))
  File "E:\TEA_Center\venv\lib\site-packages\django\template\base.py", line 961, in render_annotated
    return self.render(context)
  File "E:\TEA_Center\venv\lib\site-packages\django\template\defaulttags.py", line 325, in render
    return nodelist.render(context)
  File "E:\TEA_Center\venv\lib\site-packages\django\template\base.py", line 1000, in render
    return SafeString("".join([node.render_annotated(context) for node in self]))
  File "E:\TEA_Center\venv\lib\site-packages\django\template\base.py", line 1000, in <listcomp>
    return SafeString("".join([node.render_annotated(context) for node in self]))
  File "E:\TEA_Center\venv\lib\site-packages\django\template\base.py", line 961, in render_annotated
    return self.render(context)
  File "E:\TEA_Center\venv\lib\site-packages\django\template\base.py", line 1059, in render
    output = self.filter_expression.resolve(context)
  File "E:\TEA_Center\venv\lib\site-packages\django\template\base.py", line 710, in resolve
    obj = self.var.resolve(context)
  File "E:\TEA_Center\venv\lib\site-packages\django\template\base.py", line 842, in resolve
    value = self._resolve_lookup(context)
  File "E:\TEA_Center\venv\lib\site-packages\django\template\base.py", line 909, in _resolve_lookup
    current = current()
  File "E:\TEA_Center\venv\lib\site-packages\django\contrib\admin\helpers.py", line 270, in contents
    f, attr, value = lookup_field(field, obj, model_admin)
  File "E:\TEA_Center\venv\lib\site-packages\django\contrib\admin\utils.py", line 300, in lookup_field
    attr = getattr(obj, name)
  File "E:\TEA_Center\venv\tea_management\apps\procedimientos\models.py", line 886, in duracion_programada_formateada
    horas = self.duracion_programada_minutos // 60
TypeError: unsupported operand type(s) for //: 'NoneType' and 'int'
Internal Server Error: /admin/procedimientos/sesionterapeutica/add/
Traceback (most recent call last):
  File "E:\TEA_Center\venv\lib\site-packages\django\db\models\options.py", line 681, in get_field
    return self.fields_map[field_name]
KeyError: 'duracion_programada_formateada'

During handling of the above exception, another exception occurred:

Traceback (most recent call last):
  File "E:\TEA_Center\venv\lib\site-packages\django\contrib\admin\utils.py", line 289, in lookup_field
    f = _get_non_gfk_field(opts, name)
  File "E:\TEA_Center\venv\lib\site-packages\django\contrib\admin\utils.py", line 322, in _get_non_gfk_field
    field = opts.get_field(name)
  File "E:\TEA_Center\venv\lib\site-packages\django\db\models\options.py", line 683, in get_field
    raise FieldDoesNotExist(
django.core.exceptions.FieldDoesNotExist: SesionTerapeutica has no field named 'duracion_programada_formateada'

During handling of the above exception, another exception occurred:

Traceback (most recent call last):
  File "E:\TEA_Center\venv\lib\site-packages\django\core\handlers\exception.py", line 55, in inner
    response = get_response(request)
  File "E:\TEA_Center\venv\lib\site-packages\django\core\handlers\base.py", line 220, in _get_response
    response = response.render()
  File "E:\TEA_Center\venv\lib\site-packages\django\template\response.py", line 114, in render
    self.content = self.rendered_content
  File "E:\TEA_Center\venv\lib\site-packages\django\template\response.py", line 92, in rendered_content
    return template.render(context, self._request)
  File "E:\TEA_Center\venv\lib\site-packages\django\template\backends\django.py", line 61, in render
    return self.template.render(context)
  File "E:\TEA_Center\venv\lib\site-packages\django\template\base.py", line 171, in render
    return self._render(context)
  File "E:\TEA_Center\venv\lib\site-packages\django\template\base.py", line 163, in _render
    return self.nodelist.render(context)
  File "E:\TEA_Center\venv\lib\site-packages\django\template\base.py", line 1000, in render
    return SafeString("".join([node.render_annotated(context) for node in self]))
  File "E:\TEA_Center\venv\lib\site-packages\django\template\base.py", line 1000, in <listcomp>
    return SafeString("".join([node.render_annotated(context) for node in self]))
  File "E:\TEA_Center\venv\lib\site-packages\django\template\base.py", line 961, in render_annotated
    return self.render(context)
  File "E:\TEA_Center\venv\lib\site-packages\django\template\loader_tags.py", line 159, in render
    return compiled_parent._render(context)
  File "E:\TEA_Center\venv\lib\site-packages\django\template\base.py", line 163, in _render
    return self.nodelist.render(context)
  File "E:\TEA_Center\venv\lib\site-packages\django\template\base.py", line 1000, in render
    return SafeString("".join([node.render_annotated(context) for node in self]))
  File "E:\TEA_Center\venv\lib\site-packages\django\template\base.py", line 1000, in <listcomp>
    return SafeString("".join([node.render_annotated(context) for node in self]))
  File "E:\TEA_Center\venv\lib\site-packages\django\template\base.py", line 961, in render_annotated
    return self.render(context)
  File "E:\TEA_Center\venv\lib\site-packages\django\template\loader_tags.py", line 159, in render
    return compiled_parent._render(context)
  File "E:\TEA_Center\venv\lib\site-packages\django\template\base.py", line 163, in _render
    return self.nodelist.render(context)
  File "E:\TEA_Center\venv\lib\site-packages\django\template\base.py", line 1000, in render
    return SafeString("".join([node.render_annotated(context) for node in self]))
  File "E:\TEA_Center\venv\lib\site-packages\django\template\base.py", line 1000, in <listcomp>
    return SafeString("".join([node.render_annotated(context) for node in self]))
  File "E:\TEA_Center\venv\lib\site-packages\django\template\base.py", line 961, in render_annotated
    return self.render(context)
  File "E:\TEA_Center\venv\lib\site-packages\django\template\loader_tags.py", line 65, in render
    result = block.nodelist.render(context)
  File "E:\TEA_Center\venv\lib\site-packages\django\template\base.py", line 1000, in render
    return SafeString("".join([node.render_annotated(context) for node in self]))
  File "E:\TEA_Center\venv\lib\site-packages\django\template\base.py", line 1000, in <listcomp>
    return SafeString("".join([node.render_annotated(context) for node in self]))
  File "E:\TEA_Center\venv\lib\site-packages\django\template\base.py", line 961, in render_annotated
    return self.render(context)
  File "E:\TEA_Center\venv\lib\site-packages\django\template\loader_tags.py", line 65, in render
    result = block.nodelist.render(context)
  File "E:\TEA_Center\venv\lib\site-packages\django\template\base.py", line 1000, in render
    return SafeString("".join([node.render_annotated(context) for node in self]))
  File "E:\TEA_Center\venv\lib\site-packages\django\template\base.py", line 1000, in <listcomp>
    return SafeString("".join([node.render_annotated(context) for node in self]))
  File "E:\TEA_Center\venv\lib\site-packages\django\template\base.py", line 961, in render_annotated
    return self.render(context)
  File "E:\TEA_Center\venv\lib\site-packages\django\template\loader_tags.py", line 65, in render
    result = block.nodelist.render(context)
  File "E:\TEA_Center\venv\lib\site-packages\django\template\base.py", line 1000, in render
    return SafeString("".join([node.render_annotated(context) for node in self]))
  File "E:\TEA_Center\venv\lib\site-packages\django\template\base.py", line 1000, in <listcomp>
    return SafeString("".join([node.render_annotated(context) for node in self]))
  File "E:\TEA_Center\venv\lib\site-packages\django\template\base.py", line 961, in render_annotated
    return self.render(context)
  File "E:\TEA_Center\venv\lib\site-packages\django\template\loader_tags.py", line 210, in render
    return template.render(context)
  File "E:\TEA_Center\venv\lib\site-packages\django\template\base.py", line 173, in render
    return self._render(context)
  File "E:\TEA_Center\venv\lib\site-packages\django\template\base.py", line 163, in _render
    return self.nodelist.render(context)
  File "E:\TEA_Center\venv\lib\site-packages\django\template\base.py", line 1000, in render
    return SafeString("".join([node.render_annotated(context) for node in self]))
  File "E:\TEA_Center\venv\lib\site-packages\django\template\base.py", line 1000, in <listcomp>
    return SafeString("".join([node.render_annotated(context) for node in self]))
  File "E:\TEA_Center\venv\lib\site-packages\django\template\base.py", line 961, in render_annotated
    return self.render(context)
  File "E:\TEA_Center\venv\lib\site-packages\django\template\defaulttags.py", line 241, in render
    nodelist.append(node.render_annotated(context))
  File "E:\TEA_Center\venv\lib\site-packages\django\template\base.py", line 961, in render_annotated
    return self.render(context)
  File "E:\TEA_Center\venv\lib\site-packages\django\template\defaulttags.py", line 325, in render
    return nodelist.render(context)
  File "E:\TEA_Center\venv\lib\site-packages\django\template\base.py", line 1000, in render
    return SafeString("".join([node.render_annotated(context) for node in self]))
  File "E:\TEA_Center\venv\lib\site-packages\django\template\base.py", line 1000, in <listcomp>
    return SafeString("".join([node.render_annotated(context) for node in self]))
  File "E:\TEA_Center\venv\lib\site-packages\django\template\base.py", line 961, in render_annotated
    return self.render(context)
  File "E:\TEA_Center\venv\lib\site-packages\django\template\loader_tags.py", line 210, in render
    return template.render(context)
  File "E:\TEA_Center\venv\lib\site-packages\django\template\base.py", line 173, in render
    return self._render(context)
  File "E:\TEA_Center\venv\lib\site-packages\django\template\base.py", line 163, in _render
    return self.nodelist.render(context)
  File "E:\TEA_Center\venv\lib\site-packages\django\template\base.py", line 1000, in render
    return SafeString("".join([node.render_annotated(context) for node in self]))
  File "E:\TEA_Center\venv\lib\site-packages\django\template\base.py", line 1000, in <listcomp>
    return SafeString("".join([node.render_annotated(context) for node in self]))
  File "E:\TEA_Center\venv\lib\site-packages\django\template\base.py", line 961, in render_annotated
    return self.render(context)
  File "E:\TEA_Center\venv\lib\site-packages\django\template\defaulttags.py", line 241, in render
    nodelist.append(node.render_annotated(context))
  File "E:\TEA_Center\venv\lib\site-packages\django\template\base.py", line 961, in render_annotated
    return self.render(context)
  File "E:\TEA_Center\venv\lib\site-packages\django\template\defaulttags.py", line 241, in render
    nodelist.append(node.render_annotated(context))
  File "E:\TEA_Center\venv\lib\site-packages\django\template\base.py", line 961, in render_annotated
    return self.render(context)
  File "E:\TEA_Center\venv\lib\site-packages\django\template\defaulttags.py", line 325, in render
    return nodelist.render(context)
  File "E:\TEA_Center\venv\lib\site-packages\django\template\base.py", line 1000, in render
    return SafeString("".join([node.render_annotated(context) for node in self]))
  File "E:\TEA_Center\venv\lib\site-packages\django\template\base.py", line 1000, in <listcomp>
    return SafeString("".join([node.render_annotated(context) for node in self]))
  File "E:\TEA_Center\venv\lib\site-packages\django\template\base.py", line 961, in render_annotated
    return self.render(context)
  File "E:\TEA_Center\venv\lib\site-packages\django\template\base.py", line 1059, in render
    output = self.filter_expression.resolve(context)
  File "E:\TEA_Center\venv\lib\site-packages\django\template\base.py", line 710, in resolve
    obj = self.var.resolve(context)
  File "E:\TEA_Center\venv\lib\site-packages\django\template\base.py", line 842, in resolve
    value = self._resolve_lookup(context)
  File "E:\TEA_Center\venv\lib\site-packages\django\template\base.py", line 909, in _resolve_lookup
    current = current()
  File "E:\TEA_Center\venv\lib\site-packages\django\contrib\admin\helpers.py", line 270, in contents
    f, attr, value = lookup_field(field, obj, model_admin)
  File "E:\TEA_Center\venv\lib\site-packages\django\contrib\admin\utils.py", line 300, in lookup_field
    attr = getattr(obj, name)
  File "E:\TEA_Center\venv\tea_management\apps\procedimientos\models.py", line 886, in duracion_programada_formateada
    horas = self.duracion_programada_minutos // 60
TypeError: unsupported operand type(s) for //: 'NoneType' and 'int'
"GET /admin/procedimientos/sesionterapeutica/add/ HTTP/1.1" 500 786612
"GET /admin/procedimientos/sesionterapeutica/add/ HTTP/1.1" 500 786612
Watching for file changes with StatReloader
Watching for file changes with StatReloader
"GET / HTTP/1.1" 200 11903
"GET / HTTP/1.1" 200 11903
"GET /static/img/logo.png HTTP/1.1" 304 0
"GET /static/img/logo.png HTTP/1.1" 304 0
Not Found: /favicon.ico
Not Found: /favicon.ico
"GET /favicon.ico HTTP/1.1" 404 5487
"GET /favicon.ico HTTP/1.1" 404 5487
"GET /procedimientos/sesiones/ HTTP/1.1" 200 9126
"GET /procedimientos/sesiones/ HTTP/1.1" 200 9126
"GET /procedimientos/sesiones/crear/ HTTP/1.1" 200 13103
"GET /procedimientos/sesiones/crear/ HTTP/1.1" 200 13103
"GET /procedimientos/pacientes/ HTTP/1.1" 200 12139
"GET /procedimientos/pacientes/ HTTP/1.1" 200 12139
"GET /procedimientos/pacientes/crear/ HTTP/1.1" 200 15769
"GET /procedimientos/pacientes/crear/ HTTP/1.1" 200 15769
"GET /procedimientos/ HTTP/1.1" 200 7936
"GET /procedimientos/ HTTP/1.1" 200 7936
"GET /procedimientos/crear/ HTTP/1.1" 200 10864
"GET /procedimientos/crear/ HTTP/1.1" 200 10864
"GET /terapias/ HTTP/1.1" 200 13065
"GET /terapias/ HTTP/1.1" 200 13065
Internal Server Error: /terapias/crear/
Traceback (most recent call last):
  File "E:\TEA_Center\venv\lib\site-packages\django\core\handlers\exception.py", line 55, in inner
    response = get_response(request)
  File "E:\TEA_Center\venv\lib\site-packages\django\core\handlers\base.py", line 197, in _get_response
    response = wrapped_callback(request, *callback_args, **callback_kwargs)
  File "E:\TEA_Center\venv\lib\site-packages\django\contrib\auth\decorators.py", line 23, in _wrapper_view
    return view_func(request, *args, **kwargs)
  File "E:\TEA_Center\venv\tea_management\apps\terapias\views.py", line 155, in terapia_create
    return render(request, 'terapias/terapia_form.html', {
  File "E:\TEA_Center\venv\lib\site-packages\django\shortcuts.py", line 24, in render
    content = loader.render_to_string(template_name, context, request, using=using)
  File "E:\TEA_Center\venv\lib\site-packages\django\template\loader.py", line 62, in render_to_string
    return template.render(context, request)
  File "E:\TEA_Center\venv\lib\site-packages\django\template\backends\django.py", line 61, in render
    return self.template.render(context)
  File "E:\TEA_Center\venv\lib\site-packages\django\template\base.py", line 171, in render
    return self._render(context)
  File "E:\TEA_Center\venv\lib\site-packages\django\template\base.py", line 163, in _render
    return self.nodelist.render(context)
  File "E:\TEA_Center\venv\lib\site-packages\django\template\base.py", line 1000, in render
    return SafeString("".join([node.render_annotated(context) for node in self]))
  File "E:\TEA_Center\venv\lib\site-packages\django\template\base.py", line 1000, in <listcomp>
    return SafeString("".join([node.render_annotated(context) for node in self]))
  File "E:\TEA_Center\venv\lib\site-packages\django\template\base.py", line 961, in render_annotated
    return self.render(context)
  File "E:\TEA_Center\venv\lib\site-packages\django\template\loader_tags.py", line 159, in render
    return compiled_parent._render(context)
  File "E:\TEA_Center\venv\lib\site-packages\django\template\base.py", line 163, in _render
    return self.nodelist.render(context)
  File "E:\TEA_Center\venv\lib\site-packages\django\template\base.py", line 1000, in render
    return SafeString("".join([node.render_annotated(context) for node in self]))
  File "E:\TEA_Center\venv\lib\site-packages\django\template\base.py", line 1000, in <listcomp>
    return SafeString("".join([node.render_annotated(context) for node in self]))
  File "E:\TEA_Center\venv\lib\site-packages\django\template\base.py", line 961, in render_annotated
    return self.render(context)
  File "E:\TEA_Center\venv\lib\site-packages\django\template\defaulttags.py", line 325, in render
    return nodelist.render(context)
  File "E:\TEA_Center\venv\lib\site-packages\django\template\base.py", line 1000, in render
    return SafeString("".join([node.render_annotated(context) for node in self]))
  File "E:\TEA_Center\venv\lib\site-packages\django\template\base.py", line 1000, in <listcomp>
    return SafeString("".join([node.render_annotated(context) for node in self]))
  File "E:\TEA_Center\venv\lib\site-packages\django\template\base.py", line 961, in render_annotated
    return self.render(context)
  File "E:\TEA_Center\venv\lib\site-packages\django\template\loader_tags.py", line 65, in render
    result = block.nodelist.render(context)
  File "E:\TEA_Center\venv\lib\site-packages\django\template\base.py", line 1000, in render
    return SafeString("".join([node.render_annotated(context) for node in self]))
  File "E:\TEA_Center\venv\lib\site-packages\django\template\base.py", line 1000, in <listcomp>
    return SafeString("".join([node.render_annotated(context) for node in self]))
  File "E:\TEA_Center\venv\lib\site-packages\django\template\base.py", line 961, in render_annotated
    return self.render(context)
  File "E:\TEA_Center\venv\lib\site-packages\django\template\defaulttags.py", line 325, in render
    return nodelist.render(context)
  File "E:\TEA_Center\venv\lib\site-packages\django\template\base.py", line 1000, in render
    return SafeString("".join([node.render_annotated(context) for node in self]))
  File "E:\TEA_Center\venv\lib\site-packages\django\template\base.py", line 1000, in <listcomp>
    return SafeString("".join([node.render_annotated(context) for node in self]))
  File "E:\TEA_Center\venv\lib\site-packages\django\template\base.py", line 961, in render_annotated
    return self.render(context)
  File "E:\TEA_Center\venv\lib\site-packages\django\template\defaulttags.py", line 478, in render
    url = reverse(view_name, args=args, kwargs=kwargs, current_app=current_app)
  File "E:\TEA_Center\venv\lib\site-packages\django\urls\base.py", line 88, in reverse
    return resolver._reverse_with_prefix(view, prefix, *args, **kwargs)
  File "E:\TEA_Center\venv\lib\site-packages\django\urls\resolvers.py", line 848, in _reverse_with_prefix
    raise NoReverseMatch(msg)
django.urls.exceptions.NoReverseMatch: Reverse for 'terapia_list' not found. 'terapia_list' is not a valid view function or pattern name.
Internal Server Error: /terapias/crear/
Traceback (most recent call last):
  File "E:\TEA_Center\venv\lib\site-packages\django\core\handlers\exception.py", line 55, in inner
    response = get_response(request)
  File "E:\TEA_Center\venv\lib\site-packages\django\core\handlers\base.py", line 197, in _get_response
    response = wrapped_callback(request, *callback_args, **callback_kwargs)
  File "E:\TEA_Center\venv\lib\site-packages\django\contrib\auth\decorators.py", line 23, in _wrapper_view
    return view_func(request, *args, **kwargs)
  File "E:\TEA_Center\venv\tea_management\apps\terapias\views.py", line 155, in terapia_create
    return render(request, 'terapias/terapia_form.html', {
  File "E:\TEA_Center\venv\lib\site-packages\django\shortcuts.py", line 24, in render
    content = loader.render_to_string(template_name, context, request, using=using)
  File "E:\TEA_Center\venv\lib\site-packages\django\template\loader.py", line 62, in render_to_string
    return template.render(context, request)
  File "E:\TEA_Center\venv\lib\site-packages\django\template\backends\django.py", line 61, in render
    return self.template.render(context)
  File "E:\TEA_Center\venv\lib\site-packages\django\template\base.py", line 171, in render
    return self._render(context)
  File "E:\TEA_Center\venv\lib\site-packages\django\template\base.py", line 163, in _render
    return self.nodelist.render(context)
  File "E:\TEA_Center\venv\lib\site-packages\django\template\base.py", line 1000, in render
    return SafeString("".join([node.render_annotated(context) for node in self]))
  File "E:\TEA_Center\venv\lib\site-packages\django\template\base.py", line 1000, in <listcomp>
    return SafeString("".join([node.render_annotated(context) for node in self]))
  File "E:\TEA_Center\venv\lib\site-packages\django\template\base.py", line 961, in render_annotated
    return self.render(context)
  File "E:\TEA_Center\venv\lib\site-packages\django\template\loader_tags.py", line 159, in render
    return compiled_parent._render(context)
  File "E:\TEA_Center\venv\lib\site-packages\django\template\base.py", line 163, in _render
    return self.nodelist.render(context)
  File "E:\TEA_Center\venv\lib\site-packages\django\template\base.py", line 1000, in render
    return SafeString("".join([node.render_annotated(context) for node in self]))
  File "E:\TEA_Center\venv\lib\site-packages\django\template\base.py", line 1000, in <listcomp>
    return SafeString("".join([node.render_annotated(context) for node in self]))
  File "E:\TEA_Center\venv\lib\site-packages\django\template\base.py", line 961, in render_annotated
    return self.render(context)
  File "E:\TEA_Center\venv\lib\site-packages\django\template\defaulttags.py", line 325, in render
    return nodelist.render(context)
  File "E:\TEA_Center\venv\lib\site-packages\django\template\base.py", line 1000, in render
    return SafeString("".join([node.render_annotated(context) for node in self]))
  File "E:\TEA_Center\venv\lib\site-packages\django\template\base.py", line 1000, in <listcomp>
    return SafeString("".join([node.render_annotated(context) for node in self]))
  File "E:\TEA_Center\venv\lib\site-packages\django\template\base.py", line 961, in render_annotated
    return self.render(context)
  File "E:\TEA_Center\venv\lib\site-packages\django\template\loader_tags.py", line 65, in render
    result = block.nodelist.render(context)
  File "E:\TEA_Center\venv\lib\site-packages\django\template\base.py", line 1000, in render
    return SafeString("".join([node.render_annotated(context) for node in self]))
  File "E:\TEA_Center\venv\lib\site-packages\django\template\base.py", line 1000, in <listcomp>
    return SafeString("".join([node.render_annotated(context) for node in self]))
  File "E:\TEA_Center\venv\lib\site-packages\django\template\base.py", line 961, in render_annotated
    return self.render(context)
  File "E:\TEA_Center\venv\lib\site-packages\django\template\defaulttags.py", line 325, in render
    return nodelist.render(context)
  File "E:\TEA_Center\venv\lib\site-packages\django\template\base.py", line 1000, in render
    return SafeString("".join([node.render_annotated(context) for node in self]))
  File "E:\TEA_Center\venv\lib\site-packages\django\template\base.py", line 1000, in <listcomp>
    return SafeString("".join([node.render_annotated(context) for node in self]))
  File "E:\TEA_Center\venv\lib\site-packages\django\template\base.py", line 961, in render_annotated
    return self.render(context)
  File "E:\TEA_Center\venv\lib\site-packages\django\template\defaulttags.py", line 478, in render
    url = reverse(view_name, args=args, kwargs=kwargs, current_app=current_app)
  File "E:\TEA_Center\venv\lib\site-packages\django\urls\base.py", line 88, in reverse
    return resolver._reverse_with_prefix(view, prefix, *args, **kwargs)
  File "E:\TEA_Center\venv\lib\site-packages\django\urls\resolvers.py", line 848, in _reverse_with_prefix
    raise NoReverseMatch(msg)
django.urls.exceptions.NoReverseMatch: Reverse for 'terapia_list' not found. 'terapia_list' is not a valid view function or pattern name.
"GET /terapias/crear/ HTTP/1.1" 500 234046
"GET /terapias/crear/ HTTP/1.1" 500 234046
"GET /procedimientos/pacientes/ HTTP/1.1" 200 12139
"GET /procedimientos/pacientes/ HTTP/1.1" 200 12139
"GET /procedimientos/pacientes/crear/ HTTP/1.1" 200 15769
"GET /procedimientos/pacientes/crear/ HTTP/1.1" 200 15769
"POST /procedimientos/pacientes/crear/ HTTP/1.1" 200 16069
"POST /procedimientos/pacientes/crear/ HTTP/1.1" 200 16069
"POST /procedimientos/pacientes/crear/ HTTP/1.1" 200 24219
"POST /procedimientos/pacientes/crear/ HTTP/1.1" 200 24219
"POST /procedimientos/pacientes/crear/ HTTP/1.1" 200 24219
"POST /procedimientos/pacientes/crear/ HTTP/1.1" 200 24219
E:\TEA_Center\venv\tea_management\apps\procedimientos\views.py changed, reloading.
E:\TEA_Center\venv\tea_management\apps\procedimientos\views.py changed, reloading.
Watching for file changes with StatReloader
Watching for file changes with StatReloader
E:\TEA_Center\venv\tea_management\apps\procedimientos\views.py changed, reloading.
E:\TEA_Center\venv\tea_management\apps\procedimientos\views.py changed, reloading.
Watching for file changes with StatReloader
Watching for file changes with StatReloader
E:\TEA_Center\venv\tea_management\apps\procedimientos\views.py changed, reloading.
E:\TEA_Center\venv\tea_management\apps\procedimientos\views.py changed, reloading.
Watching for file changes with StatReloader
Watching for file changes with StatReloader
"POST /procedimientos/pacientes/crear/ HTTP/1.1" 200 24586
"POST /procedimientos/pacientes/crear/ HTTP/1.1" 200 24586
"POST /procedimientos/pacientes/crear/ HTTP/1.1" 200 24586
"POST /procedimientos/pacientes/crear/ HTTP/1.1" 200 24586
"POST /procedimientos/pacientes/crear/ HTTP/1.1" 200 24586
"POST /procedimientos/pacientes/crear/ HTTP/1.1" 200 24586
"GET /procedimientos/pacientes/ HTTP/1.1" 200 12139
"GET /procedimientos/pacientes/ HTTP/1.1" 200 12139
"GET /procedimientos/pacientes/crear/ HTTP/1.1" 200 23919
"GET /procedimientos/pacientes/crear/ HTTP/1.1" 200 23919
Watching for file changes with StatReloader
Watching for file changes with StatReloader
"GET /procedimientos/pacientes/crear/ HTTP/1.1" 200 23919
"GET /procedimientos/pacientes/crear/ HTTP/1.1" 200 23919
"POST /procedimientos/pacientes/crear/ HTTP/1.1" 200 24580
"POST /procedimientos/pacientes/crear/ HTTP/1.1" 200 24580
"POST /procedimientos/pacientes/crear/ HTTP/1.1" 200 24580
"POST /procedimientos/pacientes/crear/ HTTP/1.1" 200 24580
"POST /procedimientos/pacientes/crear/ HTTP/1.1" 200 24580
"POST /procedimientos/pacientes/crear/ HTTP/1.1" 200 24580
"POST /procedimientos/pacientes/crear/ HTTP/1.1" 200 24571
"POST /procedimientos/pacientes/crear/ HTTP/1.1" 200 24571
"POST /procedimientos/pacientes/crear/ HTTP/1.1" 200 24578
"POST /procedimientos/pacientes/crear/ HTTP/1.1" 200 24578
"POST /procedimientos/pacientes/crear/ HTTP/1.1" 200 24578
"POST /procedimientos/pacientes/crear/ HTTP/1.1" 200 24578
"GET /admin/ HTTP/1.1" 200 35580
"GET /admin/ HTTP/1.1" 200 35580
"GET /admin/procedimientos/paciente/ HTTP/1.1" 200 31495
"GET /admin/procedimientos/paciente/ HTTP/1.1" 200 31495
"GET /admin/jsi18n/ HTTP/1.1" 200 9110
"GET /admin/jsi18n/ HTTP/1.1" 200 9110
"GET /admin/procedimientos/paciente/add/ HTTP/1.1" 200 57604
"GET /admin/procedimientos/paciente/add/ HTTP/1.1" 200 57604
"GET /admin/jsi18n/ HTTP/1.1" 200 9110
"GET /admin/jsi18n/ HTTP/1.1" 200 9110
"GET /admin/procedimientos/paciente/ HTTP/1.1" 200 31495
"GET /admin/procedimientos/paciente/ HTTP/1.1" 200 31495
"GET /admin/ HTTP/1.1" 200 35580
"GET /admin/ HTTP/1.1" 200 35580
"GET /admin/ HTTP/1.1" 200 35580
"GET /admin/ HTTP/1.1" 200 35580
"GET /admin/procedimientos/paciente/ HTTP/1.1" 200 31495
"GET /admin/procedimientos/paciente/ HTTP/1.1" 200 31495
"GET /admin/jsi18n/ HTTP/1.1" 200 9110
"GET /admin/jsi18n/ HTTP/1.1" 200 9110
"GET /admin/procedimientos/paciente/add/ HTTP/1.1" 200 57604
"GET /admin/procedimientos/paciente/add/ HTTP/1.1" 200 57604
"GET /admin/jsi18n/ HTTP/1.1" 200 9110
"GET /admin/jsi18n/ HTTP/1.1" 200 9110
"POST /admin/procedimientos/paciente/add/ HTTP/1.1" 200 58116
"POST /admin/procedimientos/paciente/add/ HTTP/1.1" 200 58116
"GET /admin/jsi18n/ HTTP/1.1" 200 9110
"GET /admin/jsi18n/ HTTP/1.1" 200 9110
"POST /admin/procedimientos/paciente/add/ HTTP/1.1" 200 58118
"POST /admin/procedimientos/paciente/add/ HTTP/1.1" 200 58118
"GET /admin/jsi18n/ HTTP/1.1" 200 9110
"GET /admin/jsi18n/ HTTP/1.1" 200 9110
"POST /admin/procedimientos/paciente/add/ HTTP/1.1" 200 58110
"POST /admin/procedimientos/paciente/add/ HTTP/1.1" 200 58110
"GET /admin/jsi18n/ HTTP/1.1" 200 9110
"GET /admin/jsi18n/ HTTP/1.1" 200 9110
E:\TEA_Center\venv\tea_management\config\settings.py changed, reloading.
E:\TEA_Center\venv\tea_management\config\settings.py changed, reloading.
Watching for file changes with StatReloader
Watching for file changes with StatReloader
"GET / HTTP/1.1" 200 11903
"GET / HTTP/1.1" 200 11903
"GET /procedimientos/pacientes/ HTTP/1.1" 200 12139
"GET /procedimientos/pacientes/ HTTP/1.1" 200 12139
"GET /procedimientos/ HTTP/1.1" 200 7936
"GET /procedimientos/ HTTP/1.1" 200 7936
"GET /terapias/ HTTP/1.1" 200 13065
"GET /terapias/ HTTP/1.1" 200 13065
"GET /procedimientos/pacientes/ HTTP/1.1" 200 12139
"GET /procedimientos/pacientes/ HTTP/1.1" 200 12139
"GET /procedimientos/pacientes/crear/ HTTP/1.1" 200 23919
"GET /procedimientos/pacientes/crear/ HTTP/1.1" 200 23919
E:\TEA_Center\venv\tea_management\apps\procedimientos\models.py changed, reloading.
E:\TEA_Center\venv\tea_management\apps\procedimientos\models.py changed, reloading.
Watching for file changes with StatReloader
Watching for file changes with StatReloader
E:\TEA_Center\venv\tea_management\apps\procedimientos\models.py changed, reloading.
E:\TEA_Center\venv\tea_management\apps\procedimientos\models.py changed, reloading.
Watching for file changes with StatReloader
Watching for file changes with StatReloader
E:\TEA_Center\venv\tea_management\apps\procedimientos\models.py changed, reloading.
E:\TEA_Center\venv\tea_management\apps\procedimientos\models.py changed, reloading.
Watching for file changes with StatReloader
Watching for file changes with StatReloader
E:\TEA_Center\venv\tea_management\apps\procedimientos\models.py changed, reloading.
E:\TEA_Center\venv\tea_management\apps\procedimientos\models.py changed, reloading.
Watching for file changes with StatReloader
Watching for file changes with StatReloader
E:\TEA_Center\venv\tea_management\apps\procedimientos\forms.py changed, reloading.
E:\TEA_Center\venv\tea_management\apps\procedimientos\forms.py changed, reloading.
Watching for file changes with StatReloader
Watching for file changes with StatReloader
E:\TEA_Center\venv\tea_management\apps\procedimientos\forms.py changed, reloading.
E:\TEA_Center\venv\tea_management\apps\procedimientos\forms.py changed, reloading.
Watching for file changes with StatReloader
Watching for file changes with StatReloader
E:\TEA_Center\venv\tea_management\apps\procedimientos\forms.py changed, reloading.
E:\TEA_Center\venv\tea_management\apps\procedimientos\forms.py changed, reloading.
Watching for file changes with StatReloader
Watching for file changes with StatReloader
E:\TEA_Center\venv\tea_management\apps\procedimientos\forms.py changed, reloading.
E:\TEA_Center\venv\tea_management\apps\procedimientos\forms.py changed, reloading.
Watching for file changes with StatReloader
Watching for file changes with StatReloader
E:\TEA_Center\venv\tea_management\apps\procedimientos\forms.py changed, reloading.
E:\TEA_Center\venv\tea_management\apps\procedimientos\forms.py changed, reloading.
Watching for file changes with StatReloader
Watching for file changes with StatReloader
E:\TEA_Center\venv\tea_management\apps\procedimientos\forms.py changed, reloading.
E:\TEA_Center\venv\tea_management\apps\procedimientos\forms.py changed, reloading.
Watching for file changes with StatReloader
Watching for file changes with StatReloader
"GET /procedimientos/pacientes/crear/ HTTP/1.1" 200 23216
"GET /procedimientos/pacientes/crear/ HTTP/1.1" 200 23216
Watching for file changes with StatReloader
Watching for file changes with StatReloader
"GET /procedimientos/pacientes/crear/ HTTP/1.1" 200 23216
"GET /procedimientos/pacientes/crear/ HTTP/1.1" 200 23216
"POST /procedimientos/pacientes/crear/ HTTP/1.1" 302 0
"POST /procedimientos/pacientes/crear/ HTTP/1.1" 302 0
"GET /procedimientos/pacientes/4/ HTTP/1.1" 200 11422
"GET /procedimientos/pacientes/4/ HTTP/1.1" 200 11422
"GET /media/pacientes/fotos/mickey-mouse-pictures-pau34i2lp7bh965e.jpg HTTP/1.1" 200 107177
"GET /media/pacientes/fotos/mickey-mouse-pictures-pau34i2lp7bh965e.jpg HTTP/1.1" 200 107177
"GET /procedimientos/pacientes/ HTTP/1.1" 200 13265
"GET /procedimientos/pacientes/ HTTP/1.1" 200 13265
"GET /procedimientos/pacientes/4/ HTTP/1.1" 200 11058
"GET /procedimientos/pacientes/4/ HTTP/1.1" 200 11058
"GET /media/pacientes/fotos/mickey-mouse-pictures-pau34i2lp7bh965e.jpg HTTP/1.1" 304 0
"GET /media/pacientes/fotos/mickey-mouse-pictures-pau34i2lp7bh965e.jpg HTTP/1.1" 304 0
"GET /procedimientos/pacientes/4/editar/ HTTP/1.1" 200 23771
"GET /procedimientos/pacientes/4/editar/ HTTP/1.1" 200 23771
"GET /procedimientos/pacientes/4/editar/ HTTP/1.1" 200 24313
"GET /procedimientos/pacientes/4/editar/ HTTP/1.1" 200 24313
E:\TEA_Center\venv\tea_management\apps\procedimientos\forms.py changed, reloading.
E:\TEA_Center\venv\tea_management\apps\procedimientos\forms.py changed, reloading.
Watching for file changes with StatReloader
Watching for file changes with StatReloader
"GET /procedimientos/pacientes/4/editar/ HTTP/1.1" 200 24474
"GET /procedimientos/pacientes/4/editar/ HTTP/1.1" 200 24474
"POST /procedimientos/pacientes/4/editar/ HTTP/1.1" 200 24494
"POST /procedimientos/pacientes/4/editar/ HTTP/1.1" 200 24494
"GET /procedimientos/pacientes/ HTTP/1.1" 200 13265
"GET /procedimientos/pacientes/ HTTP/1.1" 200 13265
"GET /procedimientos/pacientes/4/editar/ HTTP/1.1" 200 24474
"GET /procedimientos/pacientes/4/editar/ HTTP/1.1" 200 24474
E:\TEA_Center\venv\tea_management\apps\procedimientos\views.py changed, reloading.
E:\TEA_Center\venv\tea_management\apps\procedimientos\views.py changed, reloading.
Watching for file changes with StatReloader
Watching for file changes with StatReloader
E:\TEA_Center\venv\tea_management\apps\procedimientos\models.py changed, reloading.
E:\TEA_Center\venv\tea_management\apps\procedimientos\models.py changed, reloading.
Watching for file changes with StatReloader
Watching for file changes with StatReloader
E:\TEA_Center\venv\tea_management\apps\procedimientos\models.py changed, reloading.
E:\TEA_Center\venv\tea_management\apps\procedimientos\models.py changed, reloading.
Watching for file changes with StatReloader
Watching for file changes with StatReloader
E:\TEA_Center\venv\tea_management\apps\procedimientos\models.py changed, reloading.
E:\TEA_Center\venv\tea_management\apps\procedimientos\models.py changed, reloading.
Watching for file changes with StatReloader
Watching for file changes with StatReloader
Watching for file changes with StatReloader
Watching for file changes with StatReloader
"GET / HTTP/1.1" 200 11903
"GET / HTTP/1.1" 200 11903
"GET /static/img/logo.png HTTP/1.1" 200 32733
"GET /static/img/logo.png HTTP/1.1" 200 32733
Not Found: /favicon.ico
Not Found: /favicon.ico
"GET /favicon.ico HTTP/1.1" 404 5487
"GET /favicon.ico HTTP/1.1" 404 5487
"GET /procedimientos/pacientes/ HTTP/1.1" 200 13265
"GET /procedimientos/pacientes/ HTTP/1.1" 200 13265
E:\TEA_Center\venv\tea_management\apps\procedimientos\models.py changed, reloading.
E:\TEA_Center\venv\tea_management\apps\procedimientos\models.py changed, reloading.
Watching for file changes with StatReloader
Watching for file changes with StatReloader
"GET /procedimientos/pacientes/4/ HTTP/1.1" 200 11058
"GET /procedimientos/pacientes/4/ HTTP/1.1" 200 11058
"GET /media/pacientes/fotos/mickey-mouse-pictures-pau34i2lp7bh965e.jpg HTTP/1.1" 200 107177
"GET /media/pacientes/fotos/mickey-mouse-pictures-pau34i2lp7bh965e.jpg HTTP/1.1" 200 107177
"GET /procedimientos/pacientes/ HTTP/1.1" 200 13265
"GET /procedimientos/pacientes/ HTTP/1.1" 200 13265
"GET /procedimientos/pacientes/crear/ HTTP/1.1" 200 23910
"GET /procedimientos/pacientes/crear/ HTTP/1.1" 200 23910
"GET /procedimientos/pacientes/crear/ HTTP/1.1" 200 23910
"GET /procedimientos/pacientes/crear/ HTTP/1.1" 200 23910
"POST /procedimientos/pacientes/crear/ HTTP/1.1" 200 24701
"POST /procedimientos/pacientes/crear/ HTTP/1.1" 200 24701
"POST /procedimientos/pacientes/crear/ HTTP/1.1" 200 24701
"POST /procedimientos/pacientes/crear/ HTTP/1.1" 200 24701
"POST /procedimientos/pacientes/crear/ HTTP/1.1" 200 24701
"POST /procedimientos/pacientes/crear/ HTTP/1.1" 200 24701
"POST /procedimientos/pacientes/crear/ HTTP/1.1" 200 24702
"POST /procedimientos/pacientes/crear/ HTTP/1.1" 200 24702
E:\TEA_Center\venv\tea_management\apps\procedimientos\views.py changed, reloading.
E:\TEA_Center\venv\tea_management\apps\procedimientos\views.py changed, reloading.
Watching for file changes with StatReloader
Watching for file changes with StatReloader
"POST /procedimientos/pacientes/crear/ HTTP/1.1" 200 24702
"POST /procedimientos/pacientes/crear/ HTTP/1.1" 200 24702
"POST /procedimientos/pacientes/crear/ HTTP/1.1" 200 24702
"POST /procedimientos/pacientes/crear/ HTTP/1.1" 200 24702
"POST /procedimientos/pacientes/crear/ HTTP/1.1" 200 24565
"POST /procedimientos/pacientes/crear/ HTTP/1.1" 200 24565
"POST /procedimientos/pacientes/crear/ HTTP/1.1" 200 24565
"POST /procedimientos/pacientes/crear/ HTTP/1.1" 200 24565
"POST /procedimientos/pacientes/crear/ HTTP/1.1" 200 24565
"POST /procedimientos/pacientes/crear/ HTTP/1.1" 200 24565
E:\TEA_Center\venv\tea_management\apps\procedimientos\views.py changed, reloading.
E:\TEA_Center\venv\tea_management\apps\procedimientos\views.py changed, reloading.
Watching for file changes with StatReloader
Watching for file changes with StatReloader
E:\TEA_Center\venv\tea_management\apps\procedimientos\views.py changed, reloading.
E:\TEA_Center\venv\tea_management\apps\procedimientos\views.py changed, reloading.
Watching for file changes with StatReloader
Watching for file changes with StatReloader
E:\TEA_Center\venv\tea_management\apps\procedimientos\views.py changed, reloading.
E:\TEA_Center\venv\tea_management\apps\procedimientos\views.py changed, reloading.
Watching for file changes with StatReloader
Watching for file changes with StatReloader
Internal Server Error: /procedimientos/pacientes/crear/
Traceback (most recent call last):
  File "E:\TEA_Center\venv\lib\site-packages\django\core\handlers\exception.py", line 55, in inner
    response = get_response(request)
  File "E:\TEA_Center\venv\lib\site-packages\django\core\handlers\base.py", line 197, in _get_response
    response = wrapped_callback(request, *callback_args, **callback_kwargs)
  File "E:\TEA_Center\venv\lib\site-packages\django\contrib\auth\decorators.py", line 23, in _wrapper_view
    return view_func(request, *args, **kwargs)
  File "E:\TEA_Center\venv\tea_management\apps\procedimientos\views.py", line 103, in paciente_crear
    messages.error(request, f'Por favor corrija los errores en el formulario. {str(e)}')
UnboundLocalError: local variable 'e' referenced before assignment
Internal Server Error: /procedimientos/pacientes/crear/
Traceback (most recent call last):
  File "E:\TEA_Center\venv\lib\site-packages\django\core\handlers\exception.py", line 55, in inner
    response = get_response(request)
  File "E:\TEA_Center\venv\lib\site-packages\django\core\handlers\base.py", line 197, in _get_response
    response = wrapped_callback(request, *callback_args, **callback_kwargs)
  File "E:\TEA_Center\venv\lib\site-packages\django\contrib\auth\decorators.py", line 23, in _wrapper_view
    return view_func(request, *args, **kwargs)
  File "E:\TEA_Center\venv\tea_management\apps\procedimientos\views.py", line 103, in paciente_crear
    messages.error(request, f'Por favor corrija los errores en el formulario. {str(e)}')
UnboundLocalError: local variable 'e' referenced before assignment
"POST /procedimientos/pacientes/crear/ HTTP/1.1" 500 82965
"POST /procedimientos/pacientes/crear/ HTTP/1.1" 500 82965
Internal Server Error: /procedimientos/pacientes/crear/
Traceback (most recent call last):
  File "E:\TEA_Center\venv\lib\site-packages\django\core\handlers\exception.py", line 55, in inner
    response = get_response(request)
  File "E:\TEA_Center\venv\lib\site-packages\django\core\handlers\base.py", line 197, in _get_response
    response = wrapped_callback(request, *callback_args, **callback_kwargs)
  File "E:\TEA_Center\venv\lib\site-packages\django\contrib\auth\decorators.py", line 23, in _wrapper_view
    return view_func(request, *args, **kwargs)
  File "E:\TEA_Center\venv\tea_management\apps\procedimientos\views.py", line 103, in paciente_crear
    messages.error(request, f'Por favor corrija los errores en el formulario. {str(e)}')
UnboundLocalError: local variable 'e' referenced before assignment
Internal Server Error: /procedimientos/pacientes/crear/
Traceback (most recent call last):
  File "E:\TEA_Center\venv\lib\site-packages\django\core\handlers\exception.py", line 55, in inner
    response = get_response(request)
  File "E:\TEA_Center\venv\lib\site-packages\django\core\handlers\base.py", line 197, in _get_response
    response = wrapped_callback(request, *callback_args, **callback_kwargs)
  File "E:\TEA_Center\venv\lib\site-packages\django\contrib\auth\decorators.py", line 23, in _wrapper_view
    return view_func(request, *args, **kwargs)
  File "E:\TEA_Center\venv\tea_management\apps\procedimientos\views.py", line 103, in paciente_crear
    messages.error(request, f'Por favor corrija los errores en el formulario. {str(e)}')
UnboundLocalError: local variable 'e' referenced before assignment
"POST /procedimientos/pacientes/crear/ HTTP/1.1" 500 82965
"POST /procedimientos/pacientes/crear/ HTTP/1.1" 500 82965
E:\TEA_Center\venv\tea_management\apps\procedimientos\views.py changed, reloading.
E:\TEA_Center\venv\tea_management\apps\procedimientos\views.py changed, reloading.
Watching for file changes with StatReloader
Watching for file changes with StatReloader
E:\TEA_Center\venv\tea_management\apps\procedimientos\views.py changed, reloading.
E:\TEA_Center\venv\tea_management\apps\procedimientos\views.py changed, reloading.
Watching for file changes with StatReloader
Watching for file changes with StatReloader
E:\TEA_Center\venv\tea_management\apps\procedimientos\views.py changed, reloading.
E:\TEA_Center\venv\tea_management\apps\procedimientos\views.py changed, reloading.
Watching for file changes with StatReloader
Watching for file changes with StatReloader
E:\TEA_Center\venv\tea_management\apps\procedimientos\views.py changed, reloading.
E:\TEA_Center\venv\tea_management\apps\procedimientos\views.py changed, reloading.
Watching for file changes with StatReloader
Watching for file changes with StatReloader
"POST /procedimientos/pacientes/crear/ HTTP/1.1" 200 24565
"POST /procedimientos/pacientes/crear/ HTTP/1.1" 200 24565
E:\TEA_Center\venv\tea_management\apps\procedimientos\views.py changed, reloading.
E:\TEA_Center\venv\tea_management\apps\procedimientos\views.py changed, reloading.
Watching for file changes with StatReloader
Watching for file changes with StatReloader
E:\TEA_Center\venv\tea_management\apps\procedimientos\views.py changed, reloading.
E:\TEA_Center\venv\tea_management\apps\procedimientos\views.py changed, reloading.
Watching for file changes with StatReloader
Watching for file changes with StatReloader
E:\TEA_Center\venv\tea_management\apps\procedimientos\views.py changed, reloading.
E:\TEA_Center\venv\tea_management\apps\procedimientos\views.py changed, reloading.
Watching for file changes with StatReloader
Watching for file changes with StatReloader
"POST /procedimientos/pacientes/crear/ HTTP/1.1" 200 24939
"POST /procedimientos/pacientes/crear/ HTTP/1.1" 200 24939
E:\TEA_Center\venv\tea_management\apps\procedimientos\forms.py changed, reloading.
E:\TEA_Center\venv\tea_management\apps\procedimientos\forms.py changed, reloading.
Watching for file changes with StatReloader
Watching for file changes with StatReloader
"POST /procedimientos/pacientes/crear/ HTTP/1.1" 200 24939
"POST /procedimientos/pacientes/crear/ HTTP/1.1" 200 24939
"POST /procedimientos/pacientes/crear/ HTTP/1.1" 200 24939
"POST /procedimientos/pacientes/crear/ HTTP/1.1" 200 24939
E:\TEA_Center\venv\tea_management\apps\procedimientos\models.py changed, reloading.
E:\TEA_Center\venv\tea_management\apps\procedimientos\models.py changed, reloading.
Watching for file changes with StatReloader
Watching for file changes with StatReloader
E:\TEA_Center\venv\tea_management\apps\procedimientos\models.py changed, reloading.
E:\TEA_Center\venv\tea_management\apps\procedimientos\models.py changed, reloading.
Watching for file changes with StatReloader
Watching for file changes with StatReloader
"POST /procedimientos/pacientes/crear/ HTTP/1.1" 302 0
"POST /procedimientos/pacientes/crear/ HTTP/1.1" 302 0
"GET /procedimientos/pacientes/5/ HTTP/1.1" 200 11529
"GET /procedimientos/pacientes/5/ HTTP/1.1" 200 11529
"GET /procedimientos/pacientes/ HTTP/1.1" 200 14407
"GET /procedimientos/pacientes/ HTTP/1.1" 200 14407
"GET /procedimientos/pacientes/crear/ HTTP/1.1" 200 23910
"GET /procedimientos/pacientes/crear/ HTTP/1.1" 200 23910
"POST /procedimientos/pacientes/crear/ HTTP/1.1" 200 25123
"POST /procedimientos/pacientes/crear/ HTTP/1.1" 200 25123
"POST /procedimientos/pacientes/crear/ HTTP/1.1" 200 25123
"POST /procedimientos/pacientes/crear/ HTTP/1.1" 200 25123
E:\TEA_Center\venv\tea_management\apps\procedimientos\forms.py changed, reloading.
E:\TEA_Center\venv\tea_management\apps\procedimientos\forms.py changed, reloading.
Watching for file changes with StatReloader
Watching for file changes with StatReloader
"GET /procedimientos/pacientes/ HTTP/1.1" 200 14407
"GET /procedimientos/pacientes/ HTTP/1.1" 200 14407
"GET /procedimientos/pacientes/crear/ HTTP/1.1" 200 23910
"GET /procedimientos/pacientes/crear/ HTTP/1.1" 200 23910
"POST /procedimientos/pacientes/crear/ HTTP/1.1" 200 26866
"POST /procedimientos/pacientes/crear/ HTTP/1.1" 200 26866
"POST /procedimientos/pacientes/crear/ HTTP/1.1" 302 0
"POST /procedimientos/pacientes/crear/ HTTP/1.1" 302 0
"GET /procedimientos/pacientes/6/ HTTP/1.1" 200 11527
"GET /procedimientos/pacientes/6/ HTTP/1.1" 200 11527
"GET /procedimientos/pacientes/ HTTP/1.1" 200 15556
"GET /procedimientos/pacientes/ HTTP/1.1" 200 15556
"GET /procedimientos/pacientes/4/ HTTP/1.1" 200 11058
"GET /procedimientos/pacientes/4/ HTTP/1.1" 200 11058
"GET /media/pacientes/fotos/mickey-mouse-pictures-pau34i2lp7bh965e.jpg HTTP/1.1" 304 0
"GET /media/pacientes/fotos/mickey-mouse-pictures-pau34i2lp7bh965e.jpg HTTP/1.1" 304 0
"GET /procedimientos/pacientes/4/editar/ HTTP/1.1" 200 26208
"GET /procedimientos/pacientes/4/editar/ HTTP/1.1" 200 26208
Internal Server Error: /procedimientos/pacientes/4/editar/
Traceback (most recent call last):
  File "E:\TEA_Center\venv\lib\site-packages\django\core\handlers\exception.py", line 55, in inner
    response = get_response(request)
  File "E:\TEA_Center\venv\lib\site-packages\django\core\handlers\base.py", line 197, in _get_response
    response = wrapped_callback(request, *callback_args, **callback_kwargs)
  File "E:\TEA_Center\venv\lib\site-packages\django\contrib\auth\decorators.py", line 23, in _wrapper_view
    return view_func(request, *args, **kwargs)
  File "E:\TEA_Center\venv\tea_management\apps\procedimientos\views.py", line 127, in paciente_editar
    return redirect('procedimientos:paciente_detalle', pk=paciente.pk)
  File "E:\TEA_Center\venv\lib\site-packages\django\shortcuts.py", line 48, in redirect
    return redirect_class(resolve_url(to, *args, **kwargs))
  File "E:\TEA_Center\venv\lib\site-packages\django\shortcuts.py", line 179, in resolve_url
    return reverse(to, args=args, kwargs=kwargs)
  File "E:\TEA_Center\venv\lib\site-packages\django\urls\base.py", line 88, in reverse
    return resolver._reverse_with_prefix(view, prefix, *args, **kwargs)
  File "E:\TEA_Center\venv\lib\site-packages\django\urls\resolvers.py", line 848, in _reverse_with_prefix
    raise NoReverseMatch(msg)
django.urls.exceptions.NoReverseMatch: Reverse for 'paciente_detalle' not found. 'paciente_detalle' is not a valid view function or pattern name.
Internal Server Error: /procedimientos/pacientes/4/editar/
Traceback (most recent call last):
  File "E:\TEA_Center\venv\lib\site-packages\django\core\handlers\exception.py", line 55, in inner
    response = get_response(request)
  File "E:\TEA_Center\venv\lib\site-packages\django\core\handlers\base.py", line 197, in _get_response
    response = wrapped_callback(request, *callback_args, **callback_kwargs)
  File "E:\TEA_Center\venv\lib\site-packages\django\contrib\auth\decorators.py", line 23, in _wrapper_view
    return view_func(request, *args, **kwargs)
  File "E:\TEA_Center\venv\tea_management\apps\procedimientos\views.py", line 127, in paciente_editar
    return redirect('procedimientos:paciente_detalle', pk=paciente.pk)
  File "E:\TEA_Center\venv\lib\site-packages\django\shortcuts.py", line 48, in redirect
    return redirect_class(resolve_url(to, *args, **kwargs))
  File "E:\TEA_Center\venv\lib\site-packages\django\shortcuts.py", line 179, in resolve_url
    return reverse(to, args=args, kwargs=kwargs)
  File "E:\TEA_Center\venv\lib\site-packages\django\urls\base.py", line 88, in reverse
    return resolver._reverse_with_prefix(view, prefix, *args, **kwargs)
  File "E:\TEA_Center\venv\lib\site-packages\django\urls\resolvers.py", line 848, in _reverse_with_prefix
    raise NoReverseMatch(msg)
django.urls.exceptions.NoReverseMatch: Reverse for 'paciente_detalle' not found. 'paciente_detalle' is not a valid view function or pattern name.
"POST /procedimientos/pacientes/4/editar/ HTTP/1.1" 500 102308
"POST /procedimientos/pacientes/4/editar/ HTTP/1.1" 500 102308
"GET /procedimientos/pacientes/4/editar/ HTTP/1.1" 200 26604
"GET /procedimientos/pacientes/4/editar/ HTTP/1.1" 200 26604
"GET /admin/ HTTP/1.1" 200 35580
"GET /admin/ HTTP/1.1" 200 35580
"GET /static/vendor/adminlte/img/AdminLTELogo.png HTTP/1.1" 200 2637
"GET /static/vendor/adminlte/img/AdminLTELogo.png HTTP/1.1" 200 2637
"GET /static/jazzmin/css/main.css HTTP/1.1" 200 16969
"GET /static/vendor/fontawesome-free/css/all.min.css HTTP/1.1" 200 103009
"GET /static/jazzmin/css/main.css HTTP/1.1" 200 16969
"GET /static/vendor/fontawesome-free/css/all.min.css HTTP/1.1" 200 103009
"GET /static/vendor/adminlte/css/adminlte.min.css HTTP/1.1" 200 1382975
"GET /static/vendor/adminlte/css/adminlte.min.css HTTP/1.1" 200 1382975
"GET /static/vendor/adminlte/js/adminlte.min.js HTTP/1.1" 200 44244
"GET /static/vendor/adminlte/js/adminlte.min.js HTTP/1.1" 200 44244
"GET /static/vendor/bootstrap/js/bootstrap.min.js HTTP/1.1" 200 62440
"GET /static/vendor/bootstrap/js/bootstrap.min.js HTTP/1.1" 200 62440
"GET /static/jazzmin/js/main.js HTTP/1.1" 200 2391
"GET /static/vendor/fontawesome-free/webfonts/fa-regular-400.woff2 HTTP/1.1" 200 25392
"GET /static/vendor/fontawesome-free/webfonts/fa-solid-900.woff2 HTTP/1.1" 200 156400
"GET /static/jazzmin/js/main.js HTTP/1.1" 200 2391
"GET /static/vendor/fontawesome-free/webfonts/fa-regular-400.woff2 HTTP/1.1" 200 25392
"GET /static/vendor/fontawesome-free/webfonts/fa-solid-900.woff2 HTTP/1.1" 200 156400
"GET /static/admin/js/vendor/jquery/jquery.js HTTP/1.1" 200 285314
"GET /static/admin/js/vendor/jquery/jquery.js HTTP/1.1" 200 285314
"GET /admin/procedimientos/paciente/ HTTP/1.1" 200 34604
"GET /admin/procedimientos/paciente/ HTTP/1.1" 200 34604
"GET /static/vendor/select2/css/select2.min.css HTTP/1.1" 200 16264
"GET /static/vendor/select2/css/select2.min.css HTTP/1.1" 200 16264
"GET /static/admin/js/core.js HTTP/1.1" 200 6208
"GET /static/admin/js/core.js HTTP/1.1" 200 6208
"GET /static/admin/js/jquery.init.js HTTP/1.1" 200 347
"GET /static/admin/js/jquery.init.js HTTP/1.1" 200 347
"GET /static/admin/js/urlify.js HTTP/1.1" 200 7887
"GET /static/admin/js/urlify.js HTTP/1.1" 200 7887
"GET /static/admin/js/prepopulate.js HTTP/1.1" 200 1531
"GET /static/admin/js/actions.js HTTP/1.1" 200 8067
"GET /static/admin/js/prepopulate.js HTTP/1.1" 200 1531
"GET /static/admin/js/actions.js HTTP/1.1" 200 8067
"GET /static/jazzmin/js/change_list.js HTTP/1.1" 200 2252
"GET /static/jazzmin/js/change_list.js HTTP/1.1" 200 2252
"GET /static/admin/js/admin/RelatedObjectLookups.js HTTP/1.1" 200 9042
"GET /static/admin/js/admin/RelatedObjectLookups.js HTTP/1.1" 200 9042
"GET /static/vendor/select2/js/select2.min.js HTTP/1.1" 200 73170
"GET /static/vendor/select2/js/select2.min.js HTTP/1.1" 200 73170
"GET /admin/jsi18n/ HTTP/1.1" 200 9110
"GET /admin/jsi18n/ HTTP/1.1" 200 9110
"GET /static/admin/js/vendor/xregexp/xregexp.js HTTP/1.1" 200 325171
"GET /static/admin/js/vendor/xregexp/xregexp.js HTTP/1.1" 200 325171
"GET /admin/ HTTP/1.1" 200 35580
"GET /admin/ HTTP/1.1" 200 35580
"GET /procedimientos/pacientes/ HTTP/1.1" 200 15574
"GET /procedimientos/pacientes/ HTTP/1.1" 200 15574
"GET /procedimientos/pacientes/crear/ HTTP/1.1" 200 25653
"GET /procedimientos/pacientes/crear/ HTTP/1.1" 200 25653
"POST /procedimientos/pacientes/crear/ HTTP/1.1" 302 0
"POST /procedimientos/pacientes/crear/ HTTP/1.1" 302 0
"GET /procedimientos/pacientes/7/ HTTP/1.1" 200 11155
"GET /procedimientos/pacientes/7/ HTTP/1.1" 200 11155
"GET /procedimientos/pacientes/7/editar/ HTTP/1.1" 200 25913
"GET /procedimientos/pacientes/7/editar/ HTTP/1.1" 200 25913
Internal Server Error: /procedimientos/pacientes/7/editar/
Traceback (most recent call last):
  File "E:\TEA_Center\venv\lib\site-packages\django\core\handlers\exception.py", line 55, in inner
    response = get_response(request)
  File "E:\TEA_Center\venv\lib\site-packages\django\core\handlers\base.py", line 197, in _get_response
    response = wrapped_callback(request, *callback_args, **callback_kwargs)
  File "E:\TEA_Center\venv\lib\site-packages\django\contrib\auth\decorators.py", line 23, in _wrapper_view
    return view_func(request, *args, **kwargs)
  File "E:\TEA_Center\venv\tea_management\apps\procedimientos\views.py", line 127, in paciente_editar
    return redirect('procedimientos:paciente_detalle', pk=paciente.pk)
  File "E:\TEA_Center\venv\lib\site-packages\django\shortcuts.py", line 48, in redirect
    return redirect_class(resolve_url(to, *args, **kwargs))
  File "E:\TEA_Center\venv\lib\site-packages\django\shortcuts.py", line 179, in resolve_url
    return reverse(to, args=args, kwargs=kwargs)
  File "E:\TEA_Center\venv\lib\site-packages\django\urls\base.py", line 88, in reverse
    return resolver._reverse_with_prefix(view, prefix, *args, **kwargs)
  File "E:\TEA_Center\venv\lib\site-packages\django\urls\resolvers.py", line 848, in _reverse_with_prefix
    raise NoReverseMatch(msg)
django.urls.exceptions.NoReverseMatch: Reverse for 'paciente_detalle' not found. 'paciente_detalle' is not a valid view function or pattern name.
Internal Server Error: /procedimientos/pacientes/7/editar/
Traceback (most recent call last):
  File "E:\TEA_Center\venv\lib\site-packages\django\core\handlers\exception.py", line 55, in inner
    response = get_response(request)
  File "E:\TEA_Center\venv\lib\site-packages\django\core\handlers\base.py", line 197, in _get_response
    response = wrapped_callback(request, *callback_args, **callback_kwargs)
  File "E:\TEA_Center\venv\lib\site-packages\django\contrib\auth\decorators.py", line 23, in _wrapper_view
    return view_func(request, *args, **kwargs)
  File "E:\TEA_Center\venv\tea_management\apps\procedimientos\views.py", line 127, in paciente_editar
    return redirect('procedimientos:paciente_detalle', pk=paciente.pk)
  File "E:\TEA_Center\venv\lib\site-packages\django\shortcuts.py", line 48, in redirect
    return redirect_class(resolve_url(to, *args, **kwargs))
  File "E:\TEA_Center\venv\lib\site-packages\django\shortcuts.py", line 179, in resolve_url
    return reverse(to, args=args, kwargs=kwargs)
  File "E:\TEA_Center\venv\lib\site-packages\django\urls\base.py", line 88, in reverse
    return resolver._reverse_with_prefix(view, prefix, *args, **kwargs)
  File "E:\TEA_Center\venv\lib\site-packages\django\urls\resolvers.py", line 848, in _reverse_with_prefix
    raise NoReverseMatch(msg)
django.urls.exceptions.NoReverseMatch: Reverse for 'paciente_detalle' not found. 'paciente_detalle' is not a valid view function or pattern name.
"POST /procedimientos/pacientes/7/editar/ HTTP/1.1" 500 102474
"POST /procedimientos/pacientes/7/editar/ HTTP/1.1" 500 102474
"GET /procedimientos/pacientes/7/editar/ HTTP/1.1" 200 26523
"GET /procedimientos/pacientes/7/editar/ HTTP/1.1" 200 26523
"GET /procedimientos/pacientes/ HTTP/1.1" 200 16715
"GET /procedimientos/pacientes/ HTTP/1.1" 200 16715
"GET /procedimientos/pacientes/7/ HTTP/1.1" 200 10678
"GET /procedimientos/pacientes/7/ HTTP/1.1" 200 10678
"GET /media/pacientes/fotos/Minnie_Mouse_Duckipedia.png HTTP/1.1" 200 85102
"GET /media/pacientes/fotos/Minnie_Mouse_Duckipedia.png HTTP/1.1" 200 85102
"GET /procedimientos/pacientes/ HTTP/1.1" 200 16715
"GET /procedimientos/pacientes/ HTTP/1.1" 200 16715
"GET /procedimientos/ HTTP/1.1" 200 7936
"GET /procedimientos/ HTTP/1.1" 200 7936
"GET /procedimientos/crear/ HTTP/1.1" 200 11116
"GET /procedimientos/crear/ HTTP/1.1" 200 11116
"POST /procedimientos/crear/ HTTP/1.1" 200 11149
"POST /procedimientos/crear/ HTTP/1.1" 200 11149
"GET /procedimientos/ HTTP/1.1" 200 7936
"GET /procedimientos/ HTTP/1.1" 200 7936
- Broken pipe from ('127.0.0.1', 58944)
"GET /consultorios/ HTTP/1.1" 200 15644
- Broken pipe from ('127.0.0.1', 58944)
"GET /consultorios/ HTTP/1.1" 200 15644
"GET /procedimientos/ HTTP/1.1" 200 7936
"GET /procedimientos/ HTTP/1.1" 200 7936
"GET /procedimientos/crear/ HTTP/1.1" 200 11116
"GET /procedimientos/crear/ HTTP/1.1" 200 11116
E:\TEA_Center\venv\tea_management\config\settings.py changed, reloading.
E:\TEA_Center\venv\tea_management\config\settings.py changed, reloading.
Watching for file changes with StatReloader
Watching for file changes with StatReloader
E:\TEA_Center\venv\tea_management\config\settings.py changed, reloading.
E:\TEA_Center\venv\tea_management\config\settings.py changed, reloading.
Watching for file changes with StatReloader
Watching for file changes with StatReloader
E:\TEA_Center\venv\tea_management\config\settings.py changed, reloading.
E:\TEA_Center\venv\tea_management\config\settings.py changed, reloading.
Watching for file changes with StatReloader
Watching for file changes with StatReloader
